best_single,uniform,optimized,in_sample_value,best_single_in_sample,support
0.25263157894736843,0.19380804953560368,0.29376411325343055,0.3498349834983497,0.2978723404255319,2
0.21428571428571427,0.18637770897832817,0.2582857385507123,0.3913883521943141,0.34782608695652173,3
0.35714285714285715,0.1809954751131222,0.2643955751578474,0.367566848476786,0.2608695652173913,3
0.34782608695652173,0.1809954751131222,0.26301355273317895,0.39702319141571485,0.35714285714285715,3
0.25263157894736843,0.20371517027863778,0.3076923076923077,0.34285714285714286,0.2978723404255319,2
0.23157894736842105,0.1845201238390093,0.27459287700251556,0.37865748709122204,0.3191489361702128,2
0.3368421052631579,0.18328173374613002,0.3299992294058719,0.3967789165446559,0.35714285714285715,3
0.21428571428571427,0.15126050420168066,0.2008547008547008,0.4102564102564103,0.40425531914893614,2
0.28421052631578947,0.19457013574660637,0.315384977188279,0.3145665773011618,0.26595744680851063,3
0.35714285714285715,0.1900452488687783,0.30228262303734005,0.37907375643224694,0.30434782608695654,2
0.2631578947368421,0.22167182662538698,0.3400666470645889,0.34450651769087526,0.2872340425531915,2
0.391304347826087,0.2179566563467492,0.36668412781561033,0.34036144578313243,0.2857142857142857,3
0.17391304347826086,0.15384615384615385,0.21711538461538463,0.32375000000000004,0.2857142857142857,2
0.25263157894736843,0.16289592760181,0.3030513697343204,0.4053586862575626,0.2978723404255319,3
0.21428571428571427,0.2222910216718266,0.2706415772561407,0.36656500190621427,0.32978723404255317,3
0.29473684210526313,0.22476780185758516,0.36403905691831384,0.339366515837104,0.2553191489361702,2
0.17391304347826086,0.1876160990712074,0.31805590531352307,0.4114832535885167,0.34782608695652173,2
0.28421052631578947,0.17337461300309598,0.25223865163892045,0.409954158480681,0.35714285714285715,3
0.30434782608695654,0.17708978328173378,0.3248744153819505,0.40139442231075695,0.2857142857142857,3
0.34782608695652173,0.19752321981424148,0.31999710191303926,0.36788195125779977,0.2857142857142857,4
0.21428571428571427,0.1956656346749226,0.22743207712532867,0.35582822085889576,0.34782608695652173,2
0.35714285714285715,0.21857585139318886,0.30505109005915687,0.37868696479543285,0.30434782608695654,2
0.35714285714285715,0.19628482972136221,0.3549590976491561,0.3705869612302362,0.30434782608695654,3
0.17391304347826086,0.19380804953560368,0.24377189477498906,0.4024364180380422,0.3333333333333333,3
0.2608695652173913,0.16346749226006194,0.2696139929529619,0.37000900630441313,0.2857142857142857,4
0.35714285714285715,0.1851393188854489,0.3401503759398496,0.39999999999999997,0.34782608695652173,2
0.2608695652173913,0.21176470588235297,0.25343547869885885,0.38711998560892236,0.2857142857142857,4
0.17391304347826086,0.17902813299232737,0.17391304347826086,0.43859649122807015,0.425531914893617,2
0.2857142857142857,0.17461300309597524,0.2965123652504756,0.3975903614457832,0.34782608695652173,2
0.35714285714285715,0.20557275541795667,0.3634889109566368,0.37421383647798745,0.34782608695652173,3
0.35714285714285715,0.2024767801857585,0.34385964912280703,0.33333333333333337,0.30434782608695654,2
0.30434782608695654,0.1990950226244344,0.2595358762336623,0.40490797546012264,0.35714285714285715,2
0.2857142857142857,0.21609907120743033,0.2726858574641952,0.37655533726260626,0.3404255319148936,3
0.2857142857142857,0.19628482972136224,0.29499598761893847,0.36140089418777943,0.30434782608695654,3
0.14285714285714285,0.17089783281733747,0.1595503066091301,0.4483306836248013,0.43478260869565216,2
0.35714285714285715,0.22105263157894736,0.34638980651250595,0.32515337423312884,0.2608695652173913,2
0.35714285714285715,0.22662538699690402,0.3076923076923077,0.3455497382198952,0.3191489361702128,2
0.21739130434782608,0.1585677749360614,0.21610742912661784,0.4249800478850759,0.35714285714285715,3
0.2631578947368421,0.18947368421052632,0.3316488967081417,0.387434554973822,0.2872340425531915,3
0.17391304347826086,0.20971867007672637,0.1967283684890228,0.36303630363036293,0.3333333333333333,2
0.22105263157894736,0.19071207430340556,0.328392269736842,0.37695312499999994,0.32978723404255317,2
0.23157894736842105,0.18699690402476782,0.2627423822714681,0.3453947368421053,0.3191489361702128,2
0.35714285714285715,0.24767801857585137,0.3697194453402129,0.3363431151241534,0.32978723404255317,2
0.2857142857142857,0.2130030959752322,0.2628956111208253,0.3635250917992658,0.35106382978723405,2
0.2857142857142857,0.19442724458204333,0.28652535957607866,0.39212717638152916,0.391304347826087,1
0.17391304347826086,0.20557275541795667,0.2881726788882318,0.3398876404494382,0.2857142857142857,3
0.21739130434782608,0.2043343653250774,0.24981577008106118,0.4067796610169491,0.3829787234042553,2
0.2608695652173913,0.19628482972136224,0.2595956798670728,0.410615711252654,0.35714285714285715,3
0.23076923076923078,0.2111455108359133,0.2266335814722912,0.29032258064516125,0.2765957446808511,2
0.3263157894736842,0.1931888544891641,0.3229751024267255,0.38023952095808383,0.3333333333333333,2
0.13043478260869565,0.17647058823529413,0.1955324815224872,0.421885753613214,0.391304347826087,3
0.21052631578947367,0.17832817337461299,0.2438935175777281,0.35598455598455603,0.3404255319148936,3
0.2608695652173913,0.2179566563467492,0.37737441958632334,0.3495145631067961,0.2608695652173913,2
0.21428571428571427,0.20495356037151702,0.35102474436722586,0.38267451640033645,0.30434782608695654,2
0.2857142857142857,0.20123839009287925,0.2857142857142857,0.3753581661891118,0.3617021276595745,2
0.22105263157894736,0.16656346749226003,0.2761463949992842,0.38440616500453306,0.32978723404255317,2
0.2608695652173913,0.1981424148606811,0.266080364366404,0.38476912474155756,0.2857142857142857,4
0.23157894736842105,0.18823529411764706,0.24244660731583553,0.33128834355828213,0.3191489361702128,2
0.3368421052631579,0.1719457013574661,0.2812447245512351,0.3920994879297732,0.35714285714285715,3
0.35714285714285715,0.2081447963800905,0.29597411933860535,0.33457943925233635,0.30434782608695654,2
0.21428571428571427,0.17647058823529413,0.3062089034388203,0.34821903242955876,0.2608695652173913,3
0.391304347826087,0.23839009287925694,0.30089772927301534,0.3676113360323887,0.2857142857142857,2
0.28421052631578947,0.20123839009287922,0.3554627199453339,0.33461197993508407,0.26595744680851063,3
0.34782608695652173,0.19457013574660634,0.32620077395857044,0.33926701570680634,0.2857142857142857,2
0.2608695652173913,0.21486068111455106,0.27507728737749126,0.37367624810892597,0.32978723404255317,3
0.21428571428571427,0.1789473684210526,0.19685249399839952,0.4355828220858896,0.40425531914893614,2
0.30434782608695654,0.20804953560371517,0.2537354841266696,0.3974475843208751,0.35106382978723405,3
0.34782608695652173,0.20061919504643963,0.18155530310854073,0.3800475059382423,0.35714285714285715,2
0.22105263157894736,0.16842105263157892,0.22750323313869186,0.3231571109456441,0.2857142857142857,3
0.23157894736842105,0.17399380804953563,0.29371779283191474,0.40704070407040693,0.3191489361702128,3
0.2857142857142857,0.1869969040247678,0.3460198684040769,0.3912674862229759,0.2608695652173913,3
0.34782608695652173,0.21424148606811141,0.34228177780463487,0.36970118137595553,0.35714285714285715,2
0.24210526315789474,0.19690402476780183,0.27678398450113006,0.34355828220858886,0.30851063829787234,2
0.2857142857142857,0.19690402476780183,0.2891705069124424,0.38709677419354843,0.3829787234042553,2
0.2736842105263158,0.19504643962848298,0.35463705915282706,0.37339055793991416,0.2765957446808511,2
0.17391304347826086,0.19195046439628483,0.25010018032458425,0.3986175115207374,0.34782608695652173,3
0.21428571428571427,0.17902813299232737,0.17812685240071127,0.4232365145228215,0.39361702127659576,2
0.13043478260869565,0.18414322250639387,0.1341779441405125,0.38711619506321493,0.3829787234042553,3
0.2857142857142857,0.20971867007672637,0.23277525272597208,0.3855742064151571,0.35106382978723405,3
0.07692307692307693,0.16289592760181,0.09220580743759556,0.3543046357615893,0.34782608695652173,2
0.21428571428571427,0.18204334365325078,0.21428571428571425,0.38650306748466257,0.30434782608695654,2
0.35714285714285715,0.20619195046439628,0.3035124041989031,0.3893065998329157,0.34782608695652173,4
0.29473684210526313,0.21238390092879256,0.35567633730164516,0.3468459935593863,0.2553191489361702,3
0.3368421052631579,0.21266968325791857,0.3444308445532436,0.36575052854122625,0.2857142857142857,3
0.15384615384615385,0.2086687306501548,0.2963627819548872,0.3355263157894737,0.2978723404255319,3
0.2857142857142857,0.19442724458204333,0.29923637218045107,0.3203125,0.2608695652173913,3
0.2608695652173913,0.18204334365325076,0.22582411564998356,0.4256926952141058,0.35714285714285715,2
0.2608695652173913,0.2123839009287926,0.361621700310559,0.33058035714285705,0.25,4
0.34782608695652173,0.22105263157894736,0.2840933191940615,0.3487804878048781,0.3191489361702128,3
0.2857142857142857,0.16742081447963802,0.28447129239636443,0.361671469740634,0.32978723404255317,3
0.2857142857142857,0.20814479638009048,0.33902939166097057,0.3205741626794259,0.30434782608695654,2
0.21428571428571427,0.19752321981424148,0.2078422127927078,0.3795379537953795,0.3723404255319149,2
0.2857142857142857,0.19004524886877827,0.2540242793732286,0.39360393603936034,0.3617021276595745,2
0.21428571428571427,0.17647058823529413,0.2331288343558281,0.4233128834355828,0.4148936170212766,2
0.21052631578947367,0.17956656346749225,0.25410299943406905,0.3655913978494624,0.3404255319148936,2
0.2857142857142857,0.20123839009287925,0.33324786637852094,0.3875315922493682,0.34782608695652173,2
0.2857142857142857,0.1869969040247678,0.33132791558524444,0.3823767178658044,0.34782608695652173,2
0.21428571428571427,0.20168067226890757,0.1897081413210445,0.3763440860215054,0.3617021276595745,2
0.35714285714285715,0.22043343653250771,0.3668610301263363,0.35374149659863957,0.34782608695652173,2
0.34782608695652173,0.19628482972136221,0.3277458815383284,0.3788984737889848,0.3404255319148936,2
0.2631578947368421,0.20928792569659443,0.32215956558061826,0.3373015873015873,0.2872340425531915,3
0.3684210526315789,0.21981424148606812,0.3573977863112718,0.3562231759656653,0.2857142857142857,2
0.3368421052631579,0.17832817337461299,0.306358920557207,0.37763012181616834,0.35714285714285715,3
0.34782608695652173,0.2222910216718266,0.3296479685274368,0.374414976599064,0.35714285714285715,3
0.25263157894736843,0.19999999999999998,0.33445256978061594,0.39530332681017605,0.2978723404255319,3
0.2857142857142857,0.21857585139318886,0.2587844254510921,0.29668209876543206,0.2608695652173913,3
0.28421052631578947,0.19071207430340556,0.34920655112100496,0.35991943605236654,0.26595744680851063,3
0.2857142857142857,0.20061919504643966,0.3516880528217266,0.38108882521489973,0.3617021276595745,2
0.21739130434782608,0.19690402476780186,0.22462955741860013,0.41255605381165916,0.39361702127659576,3
0.30526315789473685,0.2092879256965944,0.3505383047596212,0.31662870159453316,0.24468085106382978,3
0.2857142857142857,0.22043343653250771,0.3212773678480706,0.3259949195596951,0.30434782608695654,2
0.2857142857142857,0.19256965944272444,0.3554179566563468,0.3739495798319328,0.3333333333333333,2
0.23076923076923078,0.1851393188854489,0.27572156196943964,0.35483870967741926,0.3191489361702128,2
0.21739130434782608,0.19457013574660634,0.277383724078185,0.3520132835201329,0.30434782608695654,3
0.21739130434782608,0.20743034055727555,0.2650821718327439,0.35885167464114837,0.30434782608695654,2
0.3894736842105263,0.21362229102167185,0.387893690488647,0.3479125248508946,0.2857142857142857,3
0.21739130434782608,0.21176470588235294,0.27798818360854416,0.3850174216027874,0.30434782608695654,3
0.2857142857142857,0.19504643962848295,0.2721139430284858,0.4267241379310346,0.4148936170212766,2
0.30434782608695654,0.221671826625387,0.2721614652796301,0.3865030674846625,0.35106382978723405,2
0.35714285714285715,0.18885448916408665,0.29942321557317947,0.3767123287671233,0.34782608695652173,3
0.30434782608695654,0.18925831202046037,0.26693629929221435,0.37984496124031003,0.35714285714285715,2
0.21428571428571427,0.1956656346749226,0.3742423108583402,0.3631669535283994,0.30434782608695654,2
0.25263157894736843,0.20804953560371517,0.30642468239564435,0.3379310344827587,0.2978723404255319,2
0.24210526315789474,0.16780185758513932,0.2536867227735209,0.4021479713603819,0.30851063829787234,2
0.35714285714285715,0.19876160990712075,0.33951026779181503,0.3628359592215014,0.34782608695652173,2
0.34782608695652173,0.18390092879256964,0.36149669372614374,0.37487231869254334,0.35714285714285715,3
0.2857142857142857,0.1969309462915601,0.22734815798207766,0.3969465648854961,0.3404255319148936,2
0.21428571428571427,0.18637770897832817,0.30318992435674763,0.4178127046496398,0.40425531914893614,3
0.34782608695652173,0.22352941176470587,0.3789312731369709,0.35932721712538224,0.2857142857142857,3
0.21052631578947367,0.1764705882352941,0.22279504221304114,0.3319112627986347,0.25,3
0.34782608695652173,0.204953560371517,0.2875705904928999,0.3812526271542666,0.35714285714285715,3
0.21428571428571427,0.1969309462915601,0.17081662798058658,0.41211225997045786,0.3829787234042553,2
0.34782608695652173,0.1876160990712074,0.30712666834550484,0.3827751196172248,0.35714285714285715,2
0.30434782608695654,0.18414322250639387,0.19668737060041408,0.3571428571428571,0.2978723404255319,2
0.21428571428571427,0.17337461300309598,0.25092212104276934,0.35852592129918814,0.30434782608695654,2
0.30434782608695654,0.2328173374613003,0.3413152764953319,0.30539311241065625,0.21739130434782608,2
0.30434782608695654,0.21719457013574664,0.28224435268399317,0.34636871508379885,0.30851063829787234,2
0.2631578947368421,0.20309597523219813,0.322219258468925,0.35889570552147243,0.2872340425531915,3
0.30434782608695654,0.20371517027863775,0.30910602469310505,0.3986981285598047,0.35714285714285715,3
0.17391304347826086,0.20495356037151705,0.2570119746041951,0.4128157732593961,0.34782608695652173,3
0.21428571428571427,0.18637770897832817,0.23258426966292134,0.4337078651685393,0.425531914893617,2
0.3263157894736842,0.20123839009287922,0.31982044406953275,0.3772180881511162,0.34782608695652173,3
0.21739130434782608,0.22506393861892585,0.2837011142669871,0.3707426018983808,0.30434782608695654,3
0.21739130434782608,0.17647058823529413,0.21457326892109502,0.4560185185185185,0.42857142857142855,3
0.25263157894736843,0.1752321981424149,0.297793694442668,0.36249493722154713,0.2978723404255319,3
0.21428571428571427,0.2061919504643963,0.16876344975997348,0.3951332560834298,0.35106382978723405,2
0.24210526315789474,0.17708978328173372,0.3121522056766251,0.3762551683402244,0.30851063829787234,3
0.2608695652173913,0.18080495356037152,0.24506457095541773,0.4213164049448713,0.40425531914893614,3
0.2857142857142857,0.20460358056265984,0.23881668851270327,0.38406029506093653,0.35106382978723405,4
0.24210526315789474,0.20247678018575851,0.28181491177775136,0.3932570291117194,0.30851063829787234,4
0.21739130434782608,0.20866873065015482,0.24022837066315328,0.3766233766233767,0.30434782608695654,3
0.2608695652173913,0.21424148606811147,0.24309006211180123,0.4071428571428572,0.3723404255319149,2
0.14285714285714285,0.18487394957983194,0.11889834303627407,0.37617554858934177,0.32978723404255317,2
0.35714285714285715,0.21547987616099074,0.3591878469179083,0.3496932515337423,0.34782608695652173,1
0.21739130434782608,0.21362229102167182,0.33777733558849854,0.37757437070938205,0.30434782608695654,3
0.24210526315789474,0.20990712074303405,0.3534246176680297,0.37655515620680124,0.2857142857142857,3
0.42857142857142855,0.22171945701357468,0.28574436169372874,0.34108792336640437,0.2857142857142857,3
0.2857142857142857,0.22171945701357465,0.271379563832394,0.33619210977701547,0.32978723404255317,2
0.3263157894736842,0.18885448916408668,0.31120929726029534,0.39343777712089867,0.35714285714285715,3
0.3894736842105263,0.21795665634674918,0.3691261646940318,0.32535885167464124,0.2857142857142857,2
0.30434782608695654,0.1826625386996904,0.28842955571394624,0.40163934426229503,0.35714285714285715,3
0.34782608695652173,0.2346749226006192,0.29927938489121814,0.32672482157018246,0.2765957446808511,3
0.3263157894736842,0.2260061919504644,0.3470843672456577,0.30645161290322603,0.22340425531914893,2
0.30434782608695654,0.19195046439628485,0.2415521978021978,0.37857142857142856,0.3404255319148936,2
0.23157894736842105,0.1715170278637771,0.3185970040189989,0.41213006941907193,0.3191489361702128,3
0.24210526315789474,0.1907120743034056,0.3089105464671076,0.3998868778280542,0.30851063829787234,3
0.2857142857142857,0.19999999999999998,0.30368906455862965,0.37626262626262613,0.35106382978723405,2
0.2608695652173913,0.20061919504643963,0.23611242101292085,0.4311279826464208,0.4148936170212766,3
0.2857142857142857,0.1894736842105263,0.32868295139763287,0.39234449760765555,0.34782608695652173,2
0.2631578947368421,0.18699690402476782,0.31562158985981703,0.35885167464114837,0.2872340425531915,2
0.21428571428571427,0.20990712074303403,0.245243469848436,0.3724604966139955,0.3617021276595745,2
0.391304347826087,0.2241486068111455,0.30714097496706194,0.35757575757575755,0.2857142857142857,3
0.21739130434782608,0.2081447963800905,0.25040318599216665,0.35806207418622255,0.30434782608695654,3
0.2857142857142857,0.23034055727554179,0.3038255646951299,0.37637637637637644,0.30434782608695654,2
0.2857142857142857,0.17226890756302524,0.286262050832603,0.3926380368098159,0.391304347826087,1
0.30526315789473685,0.2260061919504644,0.3757207088071939,0.3040201005025126,0.24468085106382978,2
0.30434782608695654,0.2241486068111455,0.2989989601875187,0.35235103364410214,0.30851063829787234,4
0.2857142857142857,0.22043343653250777,0.28265032554576786,0.34316353887399453,0.3404255319148936,2
0.35789473684210527,0.18637770897832814,0.30714932126696837,0.3285067873303168,0.2857142857142857,2
0.35714285714285715,0.21609907120743035,0.37443946188340815,0.3408071748878924,0.3333333333333333,3
0.25263157894736843,0.18204334365325076,0.24883241758241753,0.37644230769230763,0.2978723404255319,3
0.37894736842105264,0.21238390092879258,0.3678912818150408,0.3544857768052517,0.2857142857142857,3
0.2631578947368421,0.21486068111455106,0.3545619061981602,0.3553008595988538,0.2872340425531915,2
0.21739130434782608,0.18575851393188855,0.1988453481837224,0.4300822561692127,0.4148936170212766,3
0.34782608695652173,0.17194570135746612,0.3407621132225649,0.3697940503432494,0.35714285714285715,3
0.13043478260869565,0.1809954751131222,0.23541887592788968,0.41463414634146334,0.391304347826087,2
0.13043478260869565,0.17902813299232737,0.18060200668896317,0.4285714285714286,0.391304347826087,3
0.2736842105263158,0.19909502262443438,0.3076923076923077,0.379073756432247,0.2765957446808511,2
0.21739130434782608,0.20123839009287925,0.3037418572943493,0.3763066202090593,0.30434782608695654,2
0.21739130434782608,0.2173374613003096,0.3679919908466819,0.3667763157894737,0.30434782608695654,3
0.14285714285714285,0.18925831202046037,0.22069345074298297,0.419831223628692,0.35106382978723405,2
0.35714285714285715,0.2018575851393189,0.34777093370738565,0.36037079953650053,0.34782608695652173,2
0.2857142857142857,0.22043343653250771,0.36842350528915613,0.34619506966773855,0.3333333333333333,3
0.21739130434782608,0.19442724458204336,0.24003707136237257,0.38855421686746994,0.35714285714285715,2
0.2857142857142857,0.1931888544891641,0.30208855472013374,0.37641723356009077,0.34782608695652173,2
0.13043478260869565,0.20557275541795664,0.23436521739130434,0.4144,0.391304347826087,2
0.17391304347826086,0.2111455108359133,0.2449010481704318,0.39773716275021753,0.34782608695652173,3
0.28421052631578947,0.18885448916408668,0.307899846704139,0.3951456310679612,0.34782608695652173,3
0.22105263157894736,0.17894736842105266,0.3188724463679091,0.40163572060123787,0.32978723404255317,3
0.25263157894736843,0.18575851393188855,0.24385964912280705,0.3380503144654087,0.2978723404255319,3
