dataset,n_benign_for_threshold,n_benign_above_threshold,recall,lo,hi,fpr
apps,1444,15,0.7221711131554738,0.6619135234590616,0.7405703771849126,1
basharena,242,3,0.1741935483870967,0.1354838709677419,0.5612903225806452,1
sleight,242,3,0.0,0.0,0.0232558139534883,1
apps,1444,29,0.7465501379944802,0.7267709291628335,0.7575896964121435,2
basharena,242,5,0.4258064516129032,0.1741935483870967,0.6,2
sleight,242,5,0.0232558139534883,0.0,0.0232558139534883,2
apps,1444,73,0.7828886844526219,0.7828886844526219,0.8068077276908924,5
basharena,242,13,0.6451612903225806,0.5609677419354839,0.6838709677419355,5
sleight,242,13,0.0232558139534883,0.0232558139534883,0.0465116279069767,5
apps,1444,145,0.8242870285188593,0.8242870285188593,0.8551057957681693,10
basharena,242,25,0.7161290322580646,0.6645161290322581,0.7548387096774194,10
sleight,242,25,0.0465116279069767,0.0465116279069767,0.0697674418604651,10
