true_Gamma,bound,U,P_zero_detections_at_A
1.0,"paper, correct Gamma",2.5863412146990625,
1.0,"paper, Gamma=infinity",34040.91431137072,
1.0,misspecified Gamma=1,2.5863412146990625,
1.0,naive average coverage,7.386810616697949,
1.0,naive average sampling rate (recall ignored),6.879813598156318,
1.5,"paper, correct Gamma",9.057963310965194,0.0025122981815296026
1.5,"paper, Gamma=infinity",34040.91431137072,0.0
1.5,misspecified Gamma=1,2.5863412146990625,
1.5,naive average coverage,7.386810616697949,0.002590335563228218
1.5,naive average sampling rate (recall ignored),6.879813598156318,0.002590563532819109
2.0,"paper, correct Gamma",244.05453575999636,0.03784850711752457
2.0,"paper, Gamma=infinity",34040.91431137072,2.6289247485581742e-182
2.0,misspecified Gamma=1,2.5863412146990625,0.05819241840000007
2.0,naive average coverage,7.386810616697949,0.697860605980444
2.0,naive average sampling rate (recall ignored),6.879813598156318,0.04317225938713693
5.0,"paper, correct Gamma",4418.6662119358425,0.04995920329371522
5.0,"paper, Gamma=infinity",34040.91431137072,9.479258763670285e-11
5.0,misspecified Gamma=1,2.5863412146990625,0.997593549641586
5.0,naive average coverage,7.386810616697949,0.9939509911487137
5.0,naive average sampling rate (recall ignored),6.879813598156318,0.9951053133121566
10.0,"paper, correct Gamma",15341.423354276008,0.049951486668642596
10.0,"paper, Gamma=infinity",34040.91431137072,0.0012963802948510023
10.0,misspecified Gamma=1,2.5863412146990625,0.9986642118950179
10.0,naive average coverage,7.386810616697949,0.9982248769715337
10.0,naive average sampling rate (recall ignored),6.879813598156318,0.9983127284916418
