true_Gamma,analyst_Gamma,n_redteam,d,U_oracle,f_strategic,f_recall,f_chernoff,U_paper
1.0,1,20,0,2.5863412146990625,0.9999999999999997,2.5014314807878173,1.0000000000000004,6.469555334507239
1.0,1,20,1,11.69731657864475,0.9999999999999996,1.4122471983127436,1.2107986001967654,20.001790582821233
1.0,1,20,3,19.11879538247749,0.9999999999999994,1.4122471983127436,1.2164999087491144,32.84606346903707
1.0,1,20,10,41.82506635833077,0.9999999999999993,1.4122471983127438,1.1704760698364625,69.13689953250136
1.0,1,163,0,2.5863412146990625,0.9999999999999997,1.3428728937319887,1.0000000000000004,3.4731275111612367
1.0,1,163,1,11.69731657864475,0.9999999999999996,1.0757663072067003,1.2107986001967654,15.23617991135737
1.0,1,163,3,19.11879538247749,0.9999999999999994,1.0757663072067003,1.2164999087491144,25.02018658389153
1.0,1,163,10,41.82506635833077,0.9999999999999993,1.0757663072067005,1.1704760698364625,52.664396991304336
1.0,1,2000,0,2.5863412146990625,0.9999999999999997,1.0811023604376477,1.0000000000000004,2.79609959210833
1.0,1,2000,1,11.69731657864475,0.9999999999999996,1.0161514545695662,1.2107986001967654,14.391849117500383
1.0,1,2000,3,19.11879538247749,0.9999999999999994,1.0161514545695665,1.2164999087491144,23.63366357591105
1.0,1,2000,10,41.82506635833077,0.9999999999999993,1.0161514545695665,1.1704760698364625,49.745937615111146
1.0,2,20,0,2.5863412146990625,94.36285296501127,2.095989845123094,1.0000000000000004,511.5358286091834
1.0,2,20,1,11.69731657864475,33.50823594733224,2.0805935479525237,1.2107986001967654,987.4087384059318
1.0,2,20,3,19.11879538247749,33.508235947332246,2.0805935479525237,1.2164999087491144,1621.4793349260476
1.0,2,20,10,41.82506635833077,33.50823594733224,2.0805935479525237,1.1704760698364625,3413.0133730785174
1.0,2,163,0,2.5863412146990625,94.36285296501127,1.224946546126921,1.0000000000000004,298.95376064581677
1.0,2,163,1,11.69731657864475,33.50823594733224,1.221788188578036,1.2107986001967654,579.8366216555409
1.0,2,163,3,19.11879538247749,33.508235947332246,1.2217881885780357,1.2164999087491144,952.1822757672129
1.0,2,163,10,41.82506635833077,33.50823594733224,1.2217881885780357,1.1704760698364625,2004.225876212016
1.0,2,2000,0,2.5863412146990625,94.36285296501127,1.0527309901231907,1.0000000000000004,256.92377307467666
1.0,2,2000,1,11.69731657864475,33.50823594733224,1.0519875740940094,1.2107986001967654,499.2525927887695
1.0,2,2000,3,19.11879538247749,33.508235947332246,1.0519875740940094,1.2164999087491144,819.8507169605739
1.0,2,2000,10,41.82506635833077,33.50823594733224,1.0519875740940094,1.1704760698364625,1725.6843184141276
1.5,2,20,0,9.057963310965192,26.9436436626492,1.9989826125304218,1.0000000000000004,487.8607734934168
1.5,2,20,1,34.294497212629224,11.429135159431008,1.9849944841304075,1.2107986001967654,942.0393047199159
1.5,2,20,3,56.05298194204884,11.429135159431011,1.984994484130407,1.2164999087491144,1546.9756402575802
1.5,2,20,10,122.6238182065166,11.429135159431011,1.984994484130407,1.1704760698364625,3256.192314203391
1.5,2,163,0,9.057963310965192,26.9436436626492,1.2168273189279568,1.0000000000000004,296.9722264210436
1.5,2,163,1,34.294497212629224,11.429135159431008,1.213789407924028,1.2107986001967654,576.0405578245575
1.5,2,163,3,56.05298194204884,11.429135159431011,1.2137894079240277,1.2164999087491144,945.9485461914177
1.5,2,163,10,122.6238182065166,11.429135159431011,1.2137894079240277,1.1704760698364625,1991.1046467593355
1.5,2,2000,0,9.057963310965192,26.9436436626492,1.0535890991544352,1.0000000000000004,257.13319847592845
1.5,2,2000,1,34.294497212629224,11.429135159431008,1.0528346132712476,1.2107986001967654,499.65458090711206
1.5,2,2000,3,56.05298194204884,11.429135159431011,1.0528346132712476,1.2164999087491144,820.5108442223911
1.5,2,2000,10,122.6238182065166,11.429135159431011,1.0528346132712476,1.1704760698364625,1727.073804622176
2.0,2,20,0,244.0545357599963,0.9999999999999999,2.07985211015685,1.0000000000000004,507.59734119377896
2.0,2,20,1,391.9564438678694,1.0,2.0646750166754226,1.2107986001967654,979.8541168408184
2.0,2,20,3,640.6371067048219,1.0,2.064675016675422,1.2164999087491144,1609.0734666421656
2.0,2,20,10,1401.4841920477754,1.0,2.0646750166754226,1.1704760698364625,3386.9005553289962
2.0,2,163,0,244.0545357599963,0.9999999999999999,1.2338866747597026,1.0000000000000004,301.13563958892485
2.0,2,163,1,391.9564438678694,1.0,1.2305938457786347,1.2107986001967654,584.0156132110202
2.0,2,163,3,640.6371067048219,1.0,1.2305938457786345,1.2164999087491144,959.0448324617988
2.0,2,163,10,1401.4841920477754,1.0,1.2305938457786347,1.1704760698364625,2018.6707089444662
2.0,2,2000,0,244.0545357599963,0.9999999999999999,1.0536182057076882,1.0000000000000004,257.1403020622702
2.0,2,2000,1,391.9564438678694,1.0,1.0528657364510126,1.2107986001967654,499.66935135552427
2.0,2,2000,3,640.6371067048219,1.0,1.0528657364510123,1.2164999087491144,820.5350996051282
2.0,2,2000,10,1401.4841920477754,1.0,1.0528657364510126,1.1704760698364625,1727.1248592017
2.0,10,20,0,244.0545357599963,62.86063607259808,2.1891394520310947,1.0000000000000004,33584.51511515682
2.0,10,20,1,391.9564438678694,62.003278688524595,2.188749851377059,1.2107986001967654,64405.1363266239
2.0,10,20,3,640.6371067048219,62.00327868852459,2.188749851377059,1.2164999087491144,105763.29087922542
2.0,10,20,10,1401.4841920477754,62.00327868852459,2.188749851377059,1.1704760698364625,222618.6411238184
2.0,10,163,0,244.0545357599963,62.86063607259808,1.2455256650186028,1.0000000000000004,19108.136525666556
2.0,10,163,1,391.9564438678694,62.003278688524595,1.2454530586901775,1.2107986001967654,36648.123120549826
2.0,10,163,3,640.6371067048219,62.00327868852459,1.2454530586901775,1.2164999087491144,60181.94086446021
2.0,10,163,10,1401.4841920477754,62.00327868852459,1.2454530586901778,1.1704760698364625,126675.5391597952
2.0,10,2000,0,244.0545357599963,62.86063607259808,1.0605482221883185,1.0000000000000004,16270.31926421577
2.0,10,2000,1,391.9564438678694,62.003278688524595,1.0605314903266483,1.2107986001967654,31206.706956572452
2.0,10,2000,3,640.6371067048219,62.00327868852459,1.0605314903266483,1.2164999087491144,51246.28583180786
2.0,10,2000,10,1401.4841920477754,62.00327868852459,1.0605314903266483,1.1704760698364625,107867.09093183812
