,10000.0,17782.794100389227,31622.776601683792,56234.13251903491,100000.0,177827.94100389228,316227.7660168379,562341.3251903491,1000000.0,1778279.410038923,3162277.6601683795,5623413.251903491,10000000.0,17782794.100389227,31622776.60168379,56234132.51903491,100000000.0
1e-07,17.884444502216944,17.96913285681407,18.052780231303196,18.13560795208715,18.21784421270708,18.29975923583628,18.381720856772446,18.46428835675451,18.548375632097198,18.635538579711742,18.72848402852594,18.831973116012293,18.95442644749177,19.110777480707732,19.327545795783674,19.651858080100794,20.167489346182535
1.7782794100389227e-07,17.884520918174047,17.969269687428557,18.053024572414216,18.136043553082835,18.218620003043867,18.301140052929643,18.384177653966663,18.468658617613382,18.556148630628858,18.649362650621267,18.75306863167912,18.8756929523845,19.032174013599427,19.24903568620231,19.573408457135905,20.08907081163075,20.94497462675631
3.162277660168379e-07,17.884656807098207,17.96951301049403,18.053459079182282,18.136818173366,18.219999575028215,18.30359553153819,18.388546525834908,18.47643016251954,18.569971193878395,18.67394571129255,18.796786925286526,18.953439037243037,19.17043090963565,19.49489740637827,20.01062096562994,20.86655721004954,22.327560692809747
5.62341325190349e-07,17.88489845557728,17.969945706895118,18.054231753625913,18.138195664671294,18.22245283948876,18.307962058597106,18.396315600733118,18.490250140823907,18.59455157351911,18.71766126195131,18.874530266702326,19.09169329924485,19.416290301299153,19.93210824132382,20.78810696765695,22.249145264361236,24.786185026680446
1e-06,17.88532817410207,17.970715162007654,18.055605784693256,18.14064522911309,18.22681542918558,18.315726963783206,18.410131186690702,18.51482592373261,18.638262356588374,18.79539972568553,19.012779650172426,19.33754800698704,19.85349699572193,20.70959126771215,22.170694317795203,24.707773135231225,29.158306056627282
1.778279410038923e-06,17.886092333738542,17.972083468228185,18.05804919589231,18.145001239174363,18.234573332678742,18.329535134872017,18.43469915883473,18.558528532600157,18.71599234231697,18.933640435425826,19.258625682762645,19.774746372493137,20.63097265980866,22.092173327592633,24.62932093873142,29.079900459127128,36.93315886238753
3.162277660168379e-06,17.88745122318618,17.974516699123992,18.062394263854497,18.152747442336945,18.248369052918527,18.354089921448228,18.478387878155104,18.63624398254305,18.85421797611351,19.179471044178094,19.695808622185773,20.552207226717364,22.013541629688703,24.550790544954452,29.00144604711581,36.85476447049277,50.759019522852995
5.623413251903491e-06,17.88986770862849,17.978843663896015,18.070121009179097,18.16652235643528,18.272901698776767,18.397755193589187,18.55607862915432,18.774443768373487,19.100021776633756,19.616626557216186,20.47324204693082,21.934749864566815,24.472135576421017,28.922898943748056,36.77630614151564,50.680645099516674,75.34526286146408
1e-05,17.89416489593741,17.986538217428834,18.083861322663026,18.191018004158988,18.316527599707026,18.475404250357563,18.694234495108397,19.02020160627297,19.53712962033385,20.394011214955775,21.855735915111826,24.3932969983752,28.84420261582267,36.69772936364576,50.60217987728354,75.2669240796889,119.06647315947865
1.778279410038923e-05,17.901806498819255,18.00022128724806,18.10829544354067,18.234578115225,18.394106647168417,18.613485976763762,18.939914236718735,19.457227722816572,20.31442951875479,21.77641837685946,24.314196346885858,28.76528083174333,36.61895955764743,50.5235504557736,75.18844682765132,118.98819817602728,196.81500120601183
3.1622776601683795e-05,17.915395413905824,18.024553620281146,18.151746151265733,18.31204017990743,18.53206388918574,18.859033891596592,19.376801493702924,20.234382310366534,21.696685986792843,24.234724668343084,28.686026075898265,36.53988993781608,50.44465020810005,75.10972418920849,118.90970025370176,196.73684099482134,335.0736077404391
5.623413251903491e-05,17.939560333500904,18.06782334413314,18.229013693379056,18.44978942542201,18.777390473053675,19.295686768175674,20.153709205377336,21.616380447319983,24.154724403296214,28.606280443661124,36.46036138193993,50.365318099152006,75.0305926844771,118.83081310854475,196.65830859843453,334.995655804725,580.9360406949512
0.0001,17.98253241267641,18.144769120202497,18.36641710923008,18.694746233198007,19.213649878518638,20.072177826512057,21.535268502637592,24.073959707391136,28.525804140795408,36.38012906027092,50.28530341086568,74.95079507425835,118.75127259208438,196.57913289535844,334.9170693254989,580.8584723503923,1018.1481411250243
0.00017782794100389227,18.05894909316281,18.281600579635008,18.610759206574414,19.130348389018234,19.98944160577141,21.452996641952318,23.992067935076534,28.44422365853392,36.29880723670459,50.20420712643532,74.86991831062139,118.67065122916253,196.4988720843992,334.8373930723154,580.7798125375695,1018.0712967509075,1795.6334065999617
0.00031622776601683794,18.194840304592564,18.52492631694453,19.045269093337875,19.904972340388493,21.36901798636694,23.90848069503271,28.360946879380588,36.21577834038788,50.12138491470593,74.78729042081994,118.58824904998097,196.41679861965218,334.75587363204977,580.6992859547883,1017.9925787829287,1795.5579821622578,3178.219382715323
0.0005623413251903491,18.436496015546588,18.95763116545452,19.817953396758337,21.28247524238567,23.822296344666302,28.27502496462316,36.13004414409555,50.03578754219328,74.70181015531729,118.5029125744786,196.33170780727093,334.67125821771117,580.6155986131985,1017.910665824378,1795.4793894107638,3178.146903675295,5636.843160367461
0.001,18.86623740351586,19.72711298234934,21.192015631317066,23.732076338892085,28.18492996546864,36.039984539384264,49.94570077482465,74.61166806708165,118.41273727370469,196.24160213811106,334.58146189596306,580.5265899865668,1017.8233451614484,1795.39540835241,3178.0692576388938,5636.777257114828,10008.960394411717
0.0017782794100389228,19.630469305369505,21.09550360012511,23.635525320332132,28.08820221538816,35.94297222018093,49.84832741627309,74.51389609280507,118.3145851179904,196.14317768037154,334.4830245685627,580.4286639688852,1017.7269241825699,1795.3023254474542,3177.982853334605,5636.703592494942,10008.91048584423,17783.773386466615
0.0031622776601683794,20.98958708322563,23.52900110507319,27.98090434482117,35.83477107179087,49.73913048450925,74.40365608792646,118.2033193859565,196.03100677894815,334.370244547523,580.3158789322748,1017.6152874949582,1795.1939777409775,3177.8817192253778,5636.616839289112,10008.851248517498,17783.766515037063,18723.32670971244
0.005623413251903491,23.406793480527632,27.856807402861953,35.70863113825301,49.61083852405864,74.27315712715976,118.07063604873953,195.89628663565415,334.2338495032598,580.1785502126451,1017.4784477364009,1795.0602832042018,3177.7560718471595,5636.508257634265,10008.776417671668,17783.757626830098,18723.32670971244,18723.32670971244
0.01,27.70625450583279,35.55401324288717,49.45203593215066,74.11011619980904,117.90339992913698,195.72505730703398,334.05910546973826,580.0012648522915,1017.3004914671569,1794.8851634162304,3177.5902990891323,5636.363895128354,10008.6759908074,17783.745421630287,18723.32670971244,18723.32670971244,18723.32670971244
0.01778279410038923,35.35501272918881,49.24542051740503,73.89586269233577,117.6816090404981,195.49603981632296,333.8235455119979,579.7605237409997,1017.0571697030739,1794.6441400756637,3177.3606625235143,5636.162573419328,10008.534824871513,17783.72794844089,18723.32670971244,18723.32670971244,18723.32670971244,18723.32670971244
0.03162277660168379,48.96635706212493,73.60383626888377,117.37686968320318,195.1791197875346,333.49549306384324,579.4233374623337,1016.7146031513853,1794.3031938958973,3177.034365663354,5635.875235868447,10008.332339157483,17783.70262927157,18723.32670971244,18723.32670971244,18723.32670971244,18723.32670971244,18723.32670971244
0.05623413251903491,73.2010675720907,116.95443024558496,194.73799985285544,333.0373850117959,578.9512524572806,1016.2340096035852,1793.8241258266758,3176.5753502259595,5635.470707772231,10008.047170750013,17783.667043198926,18723.32670971244,18723.32670971244,18723.32670971244,18723.32670971244,18723.32670971244,18723.32670971244
0.1,116.38721652722428,194.14667442167212,332.424717331185,578.3217138976321,1015.5952798821564,1793.1898588267327,3175.9702879217584,5634.940253586229,10007.675913431474,17783.62170287724,18723.32670971244,18723.32670971244,18723.32670971244,18723.32670971244,18723.32670971244,18723.32670971244,18723.32670971244
