auc,eta,eta_over_etaN,U,lcvar,acc,brier
0.52,0.0,0.0,17.392055435952194,0.1744103306407391,0.9000000000000001,0.08995920373697332
0.52,5.616998012913732e-05,0.03,578.5697188289162,0.1646111413204576,0.9000056169980131,0.08995476796918347
0.52,0.00018723326709712442,0.1,1887.9844517305123,0.141747666171583,0.9000187233267096,0.08994441702909983
0.52,0.0005616998012913732,0.3,5629.170737108989,0.07644355651774369,0.9000561699801292,0.08991483662514219
0.52,0.001872332670971244,1.0,18723.32670971244,0.00016,0.9001872332670973,0.08981123181804845
0.52,0.005616998012913732,3.0,18723.32670971244,0.00016,0.9005616998012915,0.08951458856309809
0.53,0.0,0.0,17.88168504880167,0.17116088802473417,0.9000000000000001,0.08990797970705744
0.53,5.616998012913732e-05,0.03,579.0451765623037,0.16153133871064898,0.9000056169980131,0.08990360128804074
0.53,0.00018723326709712442,0.1,1888.4267994759248,0.1390668181796281,0.9000187233267098,0.08989338416112583
0.53,0.0005616998012913732,0.3,5629.518078297611,0.0749337987185657,0.9000561699801293,0.08986418607578017
0.53,0.001872332670971244,1.0,18723.32670971244,0.00016,0.9001872332670973,0.08976191933526526
0.53,0.005616998012913732,3.0,18723.32670971244,0.00016,0.9005616998012915,0.08946909888336413
0.54,0.0,0.0,18.467584280802388,0.16759026488262835,0.9000000000000001,0.08983583829361905
0.54,5.616998012913732e-05,0.03,579.6142401006044,0.15814597121878535,0.9000056169980131,0.0898315178221446
0.54,0.00018723326709712442,0.1,1888.956513974009,0.13611742481770858,0.9000187233267097,0.08982143590292252
0.54,0.0005616998012913732,0.3,5629.934750110406,0.07326707652502358,0.9000561699801293,0.0897926241004208
0.54,0.001872332670971244,1.0,18723.32670971244,0.00016,0.9001872332670973,0.08969170906517596
0.54,0.005616998012913732,3.0,18723.32670971244,0.00016,0.9005616998012915,0.08940274832502479
0.55,0.0,0.0,19.168509711690163,0.16368309385216778,0.9000000000000001,0.08974234982553786
0.55,5.616998012913732e-05,0.03,580.295171386671,0.15444039702710924,0.9000056169980131,0.08973808818055092
0.55,0.00018723326709712442,0.1,1889.5906956953484,0.13288657271552393,0.9000187233267098,0.08972814351764324
0.55,0.0005616998012913732,0.3,5630.434469692621,0.07143576212777288,0.9000561699801293,0.08969972383379457
0.55,0.001872332670971244,1.0,18723.32670971244,0.00016,0.9001872332670973,0.08960018072494097
0.55,0.005616998012913732,3.0,18723.32670971244,0.00016,0.9005616998012915,0.08931513568810082
0.56,0.0,0.0,20.006930236641992,0.15942663809336105,0.8999999999999999,0.08962695925819358
0.56,5.616998012913732e-05,0.03,581.1098515166248,0.1504025118136501,0.9000056169980131,0.08962275758226348
0.56,0.00018723326709712442,0.1,1890.3498449568024,0.12936365876580969,0.90001872332671,0.08961295283975833
0.56,0.0005616998012913732,0.3,5631.033710380527,0.06943377961863517,0.9000561699801293,0.0895849328715004
0.56,0.001872332670971244,1.0,18723.32670971244,0.00016,0.9001872332670973,0.08948678810513637
0.56,0.005616998012913732,3.0,18723.32670971244,0.00016,0.9005616998012914,0.0892057327310603
0.57,0.0,0.0,21.009791521831996,0.15481159713882103,0.9000000000000001,0.08948898439233052
0.57,5.616998012913732e-05,0.03,582.0845269326163,0.14602352669162943,0.9000056169980131,0.08948484407494278
0.57,0.00018723326709712442,0.1,1891.2585650207893,0.12554109962803586,0.9000187233267098,0.0894751824934044
0.57,0.0005616998012913732,0.3,5631.752277418582,0.06725708370220557,0.9000561699801293,0.08944757148736193
0.57,0.001872332670971244,1.0,18723.32670971244,0.00016,0.9001872332670973,0.08935085728403021
0.57,0.005616998012913732,3.0,18723.32670971244,0.00016,0.9005616998012915,0.08907388237977526
0.58,0.0,0.0,22.20944746618869,0.14983296968973278,0.9000000000000001,0.0893276138841039
0.58,5.616998012913732e-05,0.03,583.2507188159248,0.1412988005085963,0.9000056169980132,0.08932353654440822
0.58,0.00018723326709712442,0.1,1892.3464193949264,0.12141508932033537,0.9000187233267098,0.08931402190062085
0.58,0.0005616998012913732,0.3,5632.6140110992455,0.06490416627989003,0.9000561699801294,0.08928683063807505
0.58,0.001872332670971244,1.0,18723.32670971244,0.00016,0.9001872332670972,0.08919158462000404
0.58,0.005616998012913732,3.0,18723.32670971244,0.00016,0.9005616998012915,0.08891879668796926
0.59,0.0,0.0,23.64479788807305,0.1444909456745314,0.9000000000000578,0.08914190514408861
0.59,5.616998012913732e-05,0.03,584.6463340437756,0.13622869921208036,0.9000056169980701,0.08913789261273333
0.59,0.00018723326709712442,0.1,1893.6489796688654,0.11698637865168308,0.9000187233267649,0.08912852917731577
0.59,0.0005616998012913732,0.3,5633.64764759738,0.06237656925210264,0.9000561699801793,0.08910176985311262
0.59,0.001872332670971244,1.0,18723.32670971244,0.00016,0.900187233267133,0.089008034620494
0.59,0.005616998012913732,3.0,18723.32670971244,0.00016,0.9005616998013046,0.08873955464852112
0.6,0.0,0.0,25.362681625208513,0.13879178976606263,0.9000000000071097,0.08893078222575353
0.6,5.616998012913732e-05,0.03,586.3170258339414,0.13081944507463997,0.9000056170050494,0.08892683652547989
0.6,0.00018723326709712442,0.1,1895.2091094898997,0.11226104086079293,0.9000187233335788,0.08891762901760869
0.6,0.0005616998012913732,0.3,5634.887875544216,0.0596793746785108,0.9000561699865391,0.08889131511081755
0.6,0.001872332670971244,1.0,18723.32670971244,0.00016,0.9001872332721148,0.08879913778936041
0.6,0.005616998012913732,3.0,18723.32670971244,0.00016,0.9005616998037216,0.0885350999601552
0.61,0.0,0.0,27.41958695526912,0.13274866812277053,0.9000000002627102,0.08869303379763632
0.61,5.616998012913732e-05,0.03,588.3178646556437,0.1250839084020217,0.9000056172586907,0.08868915712237477
0.61,0.00018723326709712442,0.1,1897.0785421052105,0.10725117833936677,0.9000187235827006,0.0886801106610117
0.61,0.0005616998012913732,0.3,5636.376636320884,0.05682163652669272,0.9000561702231489,0.08865425679559905
0.61,0.001872332670971244,1.0,18723.32670971244,0.00016,0.9001872334692914,0.0885636885491704
0.61,0.005616998012913732,3.0,18723.32670971244,0.00016,0.9005616999188351,0.08830423885035374
0.62,0.0,0.0,29.883757534781637,0.12638236033820674,0.9000000042600032,0.08842731127667103
0.62,5.616998012913732e-05,0.03,590.7153959390929,0.11904228487675367,0.9000056212325618,0.08842350596897305
0.62,0.00018723326709712442,0.1,1899.319824053453,0.10197551664201461,0.9000187275023901,0.088414626020208
0.62,0.0005616998012913732,0.3,5638.164728798627,0.05381671258073666,0.9000561739916324,0.08838924781460454
0.62,0.001872332670971244,1.0,18723.32670971244,0.00016,0.9001872367485129,0.08830034331890274
0.62,0.005616998012913732,3.0,18723.32670971244,0.00016,0.9005617020962491,0.08804563804102188
0.63,0.0,0.0,32.83779300228526,0.11972179068147307,0.9000000385340685,0.08813212717199226
0.63,5.616998012913732e-05,0.03,593.5901816347332,0.112722594179339,0.9000056553503932,0.08812839569874344
0.63,0.00018723326709712442,0.1,1902.0087170867246,0.0964598254232054,0.9000187612581272,0.08811968801912465
0.63,0.0005616998012913732,0.3,5640.313795673528,0.05068245185410734,0.9000562067310477,0.08809480192430802
0.63,0.001872332670971244,1.0,18723.32670971244,0.00016,0.9001872661366616,0.08800761880012281
0.63,0.005616998012913732,3.0,18723.32670971244,0.00016,0.9005617234948641,0.08775782291739212
0.64,0.0,0.0,36.381870442001954,0.11280430827035945,0.9000002277061163,0.08780585364917853
0.64,5.616998012913732e-05,0.03,597.0399491727286,0.10616093150779206,0.9000058438415677,0.08780219857566285
0.64,0.00018723326709712442,0.1,1905.23717559454,0.0907371029876237,0.9000189481686436,0.08779366915167583
0.64,0.0005616998012913732,0.3,5642.898789782946,0.04744119336571027,0.9000563891866853,0.08776929227822108
0.64,0.001872332670971244,1.0,18723.32670971244,0.00016,0.9001874336980331,0.08768389048574599
0.64,0.005616998012913732,3.0,18723.32670971244,0.00016,0.9005618540303693,0.08743917592268716
0.65,0.0,0.0,40.637747983571096,0.10567564655504935,0.900000978778646,0.08744672127546202
0.65,5.616998012913732e-05,0.03,601.1835057429414,0.09940140481769803,0.9000065927510466,0.08744314523797414
0.65,0.00018723326709712442,0.1,1909.1170494845792,0.08484746342904904,0.9000196920503372,0.08743480022212827
0.65,0.0005616998012913732,0.3,5646.011046378272,0.044119537634885825,0.9000571188534932,0.08741095015752869
0.65,0.001872332670971244,1.0,18723.32670971244,0.00016,0.9001881153496472,0.08732739135618892
0.65,0.005616998012913732,3.0,18723.32670971244,0.00016,0.9005624125333298,0.08708793515207301
0.66,0.0,0.0,45.75375750453323,0.09838950010920589,0.9000032996513596,0.08705281784898236
0.66,5.616998012913732e-05,0.03,606.1656205885951,0.09249569866567518,0.9000089082092096,0.08704932352630507
0.66,0.00018723326709712442,0.1,1913.784705064392,0.07883767441691504,0.900021994916357,0.08704116917056604
0.66,0.0005616998012913732,0.3,5649.762123315536,0.040747863673848445,0.9000593860357109,0.08701786378892881
0.66,0.001872332670971244,1.0,18723.32670971244,0.00016,0.900190261045509,0.08693621067002368
0.66,0.005616998012913732,3.0,18723.32670971244,0.00016,0.9005642392138669,0.08670219306136431
0.67,0.0,0.0,51.911053185317435,0.09100667267290093,0.9000092085553788,0.08662208715231172
0.67,5.616998012913732e-05,0.03,612.1631365936955,0.0855022218202103,0.9000148058314652,0.08661867723647701
0.67,0.00018723326709712442,0.1,1919.4068122141957,0.0727603106586705,0.9000278662750216,0.08661071982402271
0.67,0.0005616998012913732,0.3,5654.288618274048,0.03735958185888343,0.9000651828443715,0.0865879770909285
0.67,0.001872332670971244,1.0,18723.32670971244,0.00016,0.9001958025658646,0.08650829269281815
0.67,0.005616998012913732,3.0,18723.32670971244,0.00016,0.9005690981078394,0.08627989514141403
0.68,0.0,0.0,59.33146123769519,0.08359377535268761,0.900022134232578,0.0861523274048637
0.68,5.616998012913732e-05,0.03,619.3926494581311,0.07848482089074034,0.9000277111191651,0.08614900457169303
0.68,0.00018723326709712442,0.1,1926.1876194393067,0.06667251327545588,0.9000407240749164,0.08614125034814771
0.68,0.0005616998012913732,0.3,5659.758234159863,0.03399013616641209,0.9000779056431925,0.08611908812397502
0.68,0.001872332670971244,1.0,18723.32670971244,0.00016,0.9002080608920464,0.08604143514137136
0.68,0.005616998012913732,3.0,18723.32670971244,0.00016,0.9005800970082283,0.08581883834094564
0.69,0.0,0.0,68.28737989502851,0.076221487454057,0.90004720108977,0.08564118912252852
0.69,5.616998012913732e-05,0.03,628.1201944608862,0.07151107556737352,0.900052745038251,0.08563795600249165
0.69,0.00018723326709712442,0.1,1934.3781352118774,0.06063437784560618,0.9000656811871356,0.08563041110789846
0.69,0.0005616998012913732,0.3,5666.377445866676,0.030675795924717735,0.9001026442540829,0.0856088469532171
0.69,0.001872332670971244,1.0,18723.32670971244,0.00016,0.9002320450064191,0.08553328705323228
0.69,0.005616998012913732,3.0,18723.32670971244,0.00016,0.9006020127313541,0.08531666895115747
0.7,0.0,0.0,79.11431640504802,0.06896243263599774,0.900091334378241,0.08508617202699709
0.7,5.616998012913732e-05,0.03,638.6735157569335,0.06465023055302793,0.9000968296060142,0.08508303117694097
0.7,0.00018723326709712442,0.1,1944.2877624965365,0.0547070312878341,0.9001096521713945,0.08507570157976005
0.7,0.0005616998012913732,0.3,5674.401230461675,0.027452304303085956,0.9001462917920646,0.08505475256647642
0.7,0.001872332670971244,1.0,18723.32670971244,0.00016,0.9002745725560777,0.08498134572439375
0.7,0.005616998012913732,3.0,18723.32670971244,0.00016,0.900641443190658,0.08477087959614799
0.71,0.0,0.0,92.22683126414545,0.061888766203890236,0.9001631773259541,0.08448462058134758
0.71,5.616998012913732e-05,0.03,651.4576730369093,0.057970861070884075,0.9001686053839564,0.08448157445762589
0.71,0.00018723326709712442,0.1,1956.2991046446748,0.04895049600341118,0.9001812716669972,0.08447446589199734
0.71,0.0005616998012913732,0.3,5684.145468081237,0.024353474070149147,0.9002174656795585,0.08445414842380156
0.71,0.001872332670971244,1.0,18723.32670971244,0.00016,0.9003441999606453,0.08438295229108653
0.71,0.005616998012913732,3.0,18723.32670971244,0.00016,0.9007067645185947,0.08417880490402291
0.72,0.0,0.0,108.13890565571317,0.05506961000264717,0.9002728568557481,0.08383371766043757
0.72,5.616998012913732e-05,0.03,666.9749812720319,0.05153840752234671,0.900278197861833,0.08383076859392365
0.72,0.00018723326709712442,0.1,1970.886890233369,0.04342147337315975,0.9002906609762109,0.08382388650132247
0.72,0.0005616998012913732,0.3,5696.002815299004,0.021409836277211568,0.9003262758145786,0.0838042161466667
0.72,0.001872332670971244,1.0,18723.32670971244,0.00016,0.9004509965983032,0.08373528546263247
0.72,0.005616998012913732,3.0,18723.32670971244,0.00016,0.900807923340474,0.08353761536261883
0.73,0.0,0.0,127.49007860203169,0.04856850304338944,0.9004316571520211,0.08313047579044487
0.73,5.616998012913732e-05,0.03,685.8506033046655,0.04541274407541033,0.9004368903184078,0.08312762596384046
0.73,0.00018723326709712442,0.1,1988.6422729670126,0.03817120179484183,0.9004491019019654,0.08312097544008787
0.73,0.0005616998012913732,0.3,5710.4631142193375,0.018647450636997357,0.9004839991559389,0.08310196678046096
0.73,0.001872332670971244,1.0,18723.32670971244,0.00016,0.900606221034371,0.0830353528373809
0.73,0.005616998012913732,3.0,18723.32670971244,0.00016,0.9009561194584929,0.0828443087872908
0.74,0.0,0.0,151.0791468842007,0.04244105219545907,0.9006516601045071,0.08237172530542178
0.74,5.616998012913732e-05,0.03,708.865552762612,0.039645959460953534,0.9006567649948503,0.08236897673319028
0.74,0.00018723326709712442,0.1,2010.304179458012,0.033243551505119644,0.9006686769194248,0.08236256248158884
0.74,0.0005616998012913732,0.3,5728.139753412783,0.0160869754084402,0.9007027191336078,0.08234422897729027
0.74,0.001872332670971244,1.0,18723.32670971244,0.00016,0.9008219603143635,0.08227997914678056
0.74,0.005616998012913732,3.0,18723.32670971244,0.00016,0.9011634443481943,0.08209569874017138
0.75,0.0,0.0,179.90782637295607,0.03673296294591456,0.9009454036145734,0.0815540986615221
0.75,5.616998012913732e-05,0.03,736.9994583025892,0.03428052143184976,0.9009503601770197,0.08155145317268317
0.75,0.00018723326709712442,0.1,2036.7999425133619,0.028673505973970965,0.9009619268242818,0.08154527946383007
0.75,0.0005616998012913732,0.3,5749.803874409699,0.01374307001806819,0.9009949829254401,0.08152763333883448
0.75,0.001872332670971244,1.0,18723.32670971244,0.00016,0.9011107832764071,0.08146579066518152
0.75,0.005616998012913732,3.0,18723.32670971244,0.00016,0.9014425255023939,0.08128839913228002
0.76,0.0,0.0,215.2375973581984,0.03147860327325226,0.9013255870332879,0.08067401001031414
0.76,5.616998012913732e-05,0.03,771.4862475308884,0.029347967630806604,0.901330377241288,0.08067146923424434
0.76,0.00018723326709712442,0.1,2069.2982253669206,0.024486147405373946,0.9013415566002243,0.08066553987286117
0.76,0.0005616998012913732,0.3,5776.42896526122,0.011624168720175151,0.901373506368242,0.08064859201974933
0.76,0.001872332670971244,1.0,18723.32670971244,0.00016,0.9014854429619927,0.08058919488368531
0.76,0.005616998012913732,3.0,18723.32670971244,0.00016,0.9018062174716418,0.08041880410047837
0.77,0.0,0.0,258.6640800865007,0.02670020603231184,0.9018048493512963,0.0797276289462176
0.77,5.616998012913732e-05,0.03,813.887009532981,0.024868217442095997,0.9018094575559048,0.07972519430151466
0.77,0.00018723326709712442,0.1,2109.2782880370137,0.020696215354911077,0.9018202120079553,0.07971951260042857
0.77,0.0005616998012913732,0.3,5809.249261985452,0.009732623875434141,0.9018509485519051,0.07970327250577587
0.77,0.001872332670971244,1.0,18723.32670971244,0.00016,0.9019586443543806,0.0796463543601446
0.77,0.005616998012913732,3.0,18723.32670971244,0.00016,0.9022673586314007,0.07948306206533558
0.78,0.0,0.0,312.2148203541395,0.022407753026134427,0.9023956186355787,0.0787108470891761
0.78,5.616998012913732e-05,0.03,866.1857963463011,0.02084953820302519,0.9024000311188898,0.0787085197755659
0.78,0.00018723326709712442,0.1,2158.6210716704772,0.017308249679504503,0.9024103285003505,0.0787030885367946
0.78,0.0005616998012913732,0.3,5849.836570784887,0.008065179522096873,0.9024397596163849,0.07868756422688483
0.78,0.001872332670971244,1.0,18723.32670971244,0.00016,0.902542892714531,0.0786331534037898
0.78,0.005616998012913732,3.0,18723.32670971244,0.00016,0.9028386050513866,0.07847704262293571
0.79,0.0,0.0,378.4784555543566,0.01859951649080105,0.9031100389350406,0.07761923581391662
0.79,5.616998012913732e-05,0.03,930.9161687616311,0.017289134255594318,0.9031142443775038,0.07761701680711607
0.79,0.00018723326709712442,0.1,2219.729513538189,0.014317271063607676,0.9031240581589527,0.07761183830985405
0.79,0.0005616998012913732,0.3,5900.2017329702885,0.006613705910533947,0.9031521091215596,0.07759703631614398
0.79,0.001872332670971244,1.0,18723.32670971244,0.00016,0.9032504120649811,0.07754515590360307
0.79,0.005616998012913732,3.0,18723.32670971244,0.00016,0.9035323439814504,0.07739629457511041
0.8,0.0,0.0,460.7760679388921,0.01526317162198663,0.9039599655513011,0.07644799295135597
0.8,5.616998012913732e-05,0.03,1011.3290633974807,0.01417426894257786,0.9039639549945768,0.07644588300075286
0.8,0.00018723326709712442,0.1,2295.6881228271773,0.011709903351740634,0.9039732643661503,0.07644095899593491
0.8,0.0005616998012913732,0.3,5962.929106401687,0.0053661076988621844,0.9039998756851801,0.07642688433934494
0.8,0.001872332670971244,1.0,18723.32670971244,0.00016,0.9040931375952763,0.07637755212423442
0.8,0.005616998012913732,3.0,18723.32670971244,0.00016,0.9043606719908205,0.07623599291819712
0.81,0.0,0.0,563.3893412415194,0.012377346411881604,0.9049570245775219,0.07519187560730431
0.81,5.616998012913732e-05,0.03,1111.6162742400213,0.01148378652830907,0.9049607910873403,0.07518987523627776
0.81,0.00018723326709712442,0.1,2390.475342351538,0.009465808913689611,0.9049695814897928,0.07518520694730801
0.81,0.0005616998012913732,0.3,6041.3552654592,0.00430731393388858,0.9049947083001555,0.07517186314016351
0.81,0.001872332670971244,1.0,18723.32670971244,0.00016,0.9050827740416649,0.07512509161334212
0.81,0.005616998012913732,3.0,18723.32670971244,0.00016,0.9053354497921863,0.07499087193152373
0.82,0.0,0.0,691.8651546910611,0.009913448530009873,0.9061127299035464,0.07384511528109738
0.82,5.616998012913732e-05,0.03,1237.2087246470508,0.009189878465654534,0.9061162703588177,0.07384322478978003
0.82,0.00018723326709712442,0.1,2509.24678359311,0.007559294747559553,0.906124531134749,0.07383881291896338
0.82,0.0005616998012913732,0.3,6139.806721825969,0.0034202654048935107,0.9061481427236113,0.07382620198326115
0.82,0.001872332670971244,1.0,18723.32670971244,0.00016,0.9062309087438053,0.07378199840222704
0.82,0.005616998012913732,3.0,18723.32670971244,0.00016,0.9064684145418711,0.07365514054584749
0.83,0.0,0.0,853.4226215582293,0.007837604919865227,0.9074386628201887,0.0724013100884725
0.83,5.616998012913732e-05,0.03,1395.1748814210857,0.007259937402392811,0.9074419732490325,0.07239952955874895
0.83,0.00018723326709712442,0.1,2658.713130200282,0.005960952446057171,0.907449697284259,0.07239537429894402
0.83,0.0005616998012913732,0.3,6263.915779629365,0.0026868311126516035,0.9074717803130287,0.0723834967995707
0.83,0.001872332670971244,1.0,18723.32670971244,0.00016,0.9075491863676878,0.07234186330382603
0.83,0.005616998012913732,3.0,18723.32670971244,0.00016,0.9077713478811853,0.07222237479521547
0.84,0.0,0.0,1057.4961090050235,0.006112565549584199,0.9089466944422264,0.0708532868898212
0.84,5.616998012913732e-05,0.03,1594.7519015101122,0.005658359750232276,0.9089497739360679,0.07085161619236517
0.84,0.00018723326709712442,0.1,2847.6430571028054,0.00463921562578028,0.9089569634540695,0.07084771724339844
0.84,0.0005616998012913732,0.3,6421.038157050658,0.0020886062364597964,0.9089775120911321,0.07083657233498149
0.84,0.001872332670971244,1.0,18723.32670971244,0.00016,0.9090495418389795,0.07079750610946406
0.84,0.005616998012913732,3.0,18723.32670971244,0.00016,0.9092563036489851,0.07068538015411474
0.85,0.0,0.0,1316.4552911327453,0.004699452627154445,0.910649293236516,0.06919292316199528
0.85,5.616998012913732e-05,0.03,1848.049188169181,0.004348187715591477,0.9106521439416222,0.06919136196517285
0.85,0.00018723326709712442,0.1,3087.5275888144374,0.00356174812795251,0.9106587973080281,0.0691877185546107
0.85,0.0005616998012913732,0.3,6620.799130126774,0.0016075651214289255,0.9106778176924544,0.0691773040408484
0.85,0.001872332670971244,1.0,18723.32670971244,0.00016,0.9107444964096407,0.06914079752336189
0.85,0.005616998012913732,3.0,18723.32670971244,0.00016,0.9109359103924739,0.0690360136005038
0.86,0.0,0.0,1646.5471755437584,0.0035592735448521182,0.9125598925251196,0.06741091397856992
0.86,5.616998012913732e-05,0.03,2170.9672926255303,0.0032925176032420015,0.9125625168487896,0.06740946175908018
0.86,0.00018723326709712442,0.1,3393.4441065231244,0.002696609098385649,0.9125686399509658,0.06740607266705757
0.86,0.0005616998012913732,0.3,6875.792516976681,0.0012265614326542845,0.9125861486358959,0.06739638507166469
0.86,0.001872332670971244,1.0,18723.32670971244,0.00016,0.9126475242412563,0.06736242620125639
0.86,0.005616998012913732,3.0,18723.32670971244,0.00016,0.9128237387228153,0.06726495077397132
0.87,0.0,0.0,2069.0958907017366,0.002654153237324587,0.9146933718036928,0.06549646254865261
0.87,5.616998012913732e-05,0.03,2584.365042591885,0.0024556367457611917,0.9146957719537183,0.06549511860384448
0.87,0.00018723326709712442,0.1,3785.1460677287596,0.0020131717874822303,0.9147013768988923,0.06549198219180791
0.87,0.0005616998012913732,0.3,7202.438885696471,0.0009296819933970244,0.9147173941526167,0.06548301684066639
0.87,0.001872332670971244,1.0,18723.32670971244,0.00016,0.9147735503958241,0.06545158934548426
0.87,0.005616998012913732,3.0,18723.32670971244,0.00016,0.9149347915520453,0.06536137668589952
0.88,0.0,0.0,2611.9510600588283,0.0019482745061261673,0.917066680958098,0.06343686178180463
0.88,5.616998012913732e-05,0.03,3115.4616076666935,0.001803882035450242,0.9170688642058179,0.06343562524371041
0.88,0.00018723326709712442,0.1,4288.355579773233,0.0014827981366664325,0.9170739581304181,0.06343273948716954
0.88,0.0005616998012913732,0.3,7621.953379705858,0.000702470402151551,0.9170885161961608,0.06342449060195329
0.88,0.001872332670971244,1.0,18723.32670971244,0.00016,0.9171395541689589,0.06339557432749565
0.88,0.005616998012913732,3.0,18723.32670971244,0.00016,0.9172861121767238,0.0633125674594281
0.89,0.0,0.0,3311.042135040677,0.001408540262369044,0.9196996667160262,0.06121691635222455
0.89,5.616998012913732e-05,0.03,3799.325429594421,0.001306236236224999,0.9197016344688589,0.06121578620350629
0.89,0.00018723326709712442,0.1,4936.098330148191,0.0010792893476214611,0.9197062313793883,0.061213148729250294
0.89,0.0005616998012913732,0.3,8161.230272030976,0.0005320416617160176,0.9197193629678958,0.061205609533824326
0.89,0.001872332670971244,1.0,18723.32670971244,0.00016,0.9197654111149485,0.06117918081611311
0.89,0.005616998012913732,3.0,18723.32670971244,0.00016,0.919897631064289,0.06110331258791564
0.9,0.0,0.0,4211.556742364694,0.0010049886414768487,0.9226162190341354,0.05881812417372777
0.9,5.616998012913732e-05,0.03,4679.96225595785,0.0009346933905831648,0.9226179793364042,0.05881709926597385
0.9,0.00018723326709712442,0.1,5769.580544264727,0.0007791436196318739,0.9226220869083814,0.05881470739477461
0.9,0.0005616998012913732,0.3,8853.118368474858,0.0004071106185623791,0.9226338377951524,0.058807870237287174
0.9,0.001872332670971244,1.0,18723.32670971244,0.00016,0.9226750222647899,0.058783902331166045
0.9,0.005616998012913732,3.0,18723.32670971244,0.00016,0.9227932998301689,0.058715096647816885
0.91,0.0,0.0,5367.468133550058,0.0007110011272697691,0.9258458979548703,0.056217482072816856
0.91,5.616998012913732e-05,0.03,5809.726283561041,0.0006644324357387531,0.9258474567735078,0.05621656114802523
0.91,0.00018723326709712442,0.1,6837.332508098424,0.0005616570751223114,0.9258510989711258,0.05621441194477769
0.91,0.0005616998012913732,0.3,9734.843551864162,0.00031795604854187954,0.9258615029276405,0.05620826844102
0.91,0.001872332670971244,1.0,18723.32670971244,0.00016,0.9258979790379064,0.05618673202309157
0.91,0.005616998012913732,3.0,18723.32670971244,0.00016,0.9260027308224291,0.05612490529330019
0.92,0.0,0.0,6836.422863769023,0.0005033466548449978,0.9294263909101262,0.053385679743590944
0.92,5.616998012913732e-05,0.03,7244.08848146762,0.00047384009495711764,0.9294277570395034,0.05338486146036512
0.92,0.00018723326709712442,0.1,8189.714816571986,0.0004089040601445606,0.9294309443856182,0.053382951795227174
0.92,0.0005616998012913732,0.3,10841.933855000054,0.0002563397252203766,0.9294400488569114,0.053377493003438664
0.92,0.001872332670971244,1.0,18723.32670971244,0.00016,0.9294719737030457,0.05335835678529313
0.92,0.005616998012913732,3.0,18723.32670971244,0.00016,0.929563652767483,0.05330341968573048
0.93,0.0,0.0,8663.738217625078,0.00036210294605363235,0.9334073138029391,0.05028424728228485
0.93,5.616998012913732e-05,0.03,9025.622147977474,0.0003444219597376768,0.933408491539195,0.050283530249542296
0.93,0.00018723326709712442,0.1,9862.927155634252,0.0003056300730897738,0.9334112393158063,0.05028185687660631
0.93,0.0005616998012913732,0.3,12192.785548551932,0.00021539657742087776,0.9334190880739576,0.05027707352239795
0.93,0.001872332670971244,1.0,18723.32670971244,0.00016,0.9334466237969875,0.05026030503956013
0.93,0.005616998012913732,3.0,18723.32670971244,0.00016,0.9335256899411384,0.050212164783784444
0.94,0.0,0.0,10844.840179091383,0.00027049180758274155,0.93785652607328,0.046860799768701944
0.94,5.616998012913732e-05,0.03,11146.9152191073,0.0002606360640650857,0.9378575218541075,0.04686018259221894
0.94,0.00018723326709712442,0.1,11843.157192853127,0.00023908592534127078,0.937859845085343,0.04685874225814117
0.94,0.0005616998012913732,0.3,13757.526679678353,0.00018950866569365205,0.9378664958149119,0.04685462504505182
0.94,0.001872332670971244,1.0,18723.32670971244,0.00016,0.9378897968018596,0.04684019174611284
0.94,0.005616998012913732,3.0,18723.32670971244,0.00016,0.9379567273986225,0.04679875521521684
0.95,0.0,0.0,13257.073902587043,0.00021465924290553539,0.9428713946236482,0.04304054213726405
0.95,5.616998012913732e-05,0.03,13484.337158498232,0.00020967751450067128,0.9428722179833098,0.04304002348984558
0.95,0.00018723326709712442,0.1,14005.148063721694,0.0001988264490474978,0.9428741389194846,0.04303881309760914
0.95,0.0005616998012913732,0.3,15412.21997540928,0.00017417255587809857,0.9428796254838254,0.043035353175256724
0.95,0.001872332670971244,1.0,18723.32670971244,0.00016,0.9428988668418046,0.04302322406341385
0.95,0.005616998012913732,3.0,18723.32670971244,0.00016,0.942954121674763,0.04298840252208526
