profile,n,method,U_median,U_q90,U_true,ratio_median,recall_input_valid
"3 types (0.94, 0.58, 0.44)",5,plug-in,28.433158805743414,58.40397481431977,25.706978195704586,1.1060482717682605,0.75025
"3 types (0.94, 0.58, 0.44)",5,marginal CP,225.68510001875313,2371.000427844277,25.706978195704586,8.77913764506414,0.9975
"3 types (0.94, 0.58, 0.44)",5,simultaneous CP,401.34601877891333,7164.253517407303,25.706978195704586,15.612337464306668,1.0
"3 types (0.94, 0.58, 0.44)",10,plug-in,28.433158805743414,58.40397481431977,25.706978195704586,1.1060482717682605,0.62175
"3 types (0.94, 0.58, 0.44)",10,marginal CP,97.07695980559694,473.811299734832,25.706978195704586,3.776288253973688,0.9975
"3 types (0.94, 0.58, 0.44)",10,simultaneous CP,133.8474883731246,846.4815296157191,25.706978195704586,5.206659738618729,1.0
"3 types (0.94, 0.58, 0.44)",20,plug-in,25.10107800981888,38.425770156402514,25.706978195704586,0.9764305169875257,0.49075
"3 types (0.94, 0.58, 0.44)",20,marginal CP,50.45642707831579,99.24940285515898,25.706978195704586,1.962752163797557,0.9975
"3 types (0.94, 0.58, 0.44)",20,simultaneous CP,60.04115951062973,126.1158873463916,25.706978195704586,2.3355977141125863,1.0
"3 types (0.94, 0.58, 0.44)",40,plug-in,26.669224692136186,35.351532284448844,25.706978195704586,1.037431334367895,0.519
"3 types (0.94, 0.58, 0.44)",40,marginal CP,42.79546868084624,56.5788154891353,25.706978195704586,1.6647413147919887,0.9975
"3 types (0.94, 0.58, 0.44)",40,simultaneous CP,47.967534401697854,64.59478037384848,25.706978195704586,1.8659343792384284,1.0
"3 types (0.94, 0.58, 0.44)",80,plug-in,25.862775783776556,30.542314157071633,25.706978195704586,1.0060605173772623,0.5215
"3 types (0.94, 0.58, 0.44)",80,marginal CP,35.15237602934942,43.1940721611283,25.706978195704586,1.367425442295784,0.9875
"3 types (0.94, 0.58, 0.44)",80,simultaneous CP,37.78704473574119,46.86972485155678,25.706978195704586,1.469913906180349,1.0
"3 types (0.94, 0.58, 0.44)",163,plug-in,25.600948062085536,28.99536832839912,25.706978195704586,0.9958754337903174,0.49475
"3 types (0.94, 0.58, 0.44)",163,marginal CP,31.38870542153533,36.965822591516805,25.706978195704586,1.2210188682067702,0.975
"3 types (0.94, 0.58, 0.44)",163,simultaneous CP,32.90425929815525,38.952329255777,25.706978195704586,1.2799738284157127,0.9925
"3 types (0.94, 0.58, 0.44)",500,plug-in,25.706978195704586,27.559782364487734,25.706978195704586,1.0,0.52875
"3 types (0.94, 0.58, 0.44)",500,marginal CP,28.7392927781239,30.82510332236918,25.706978195704586,1.1179568660048107,0.9825
"3 types (0.94, 0.58, 0.44)",500,simultaneous CP,29.47643074116731,31.655752095139274,25.706978195704586,1.1466314911370084,0.995
"3 types (0.94, 0.58, 0.44)",2000,plug-in,25.706978195704586,26.602969151138208,25.706978195704586,1.0,0.50475
"3 types (0.94, 0.58, 0.44)",2000,marginal CP,27.13523713390928,28.088836451364205,25.706978195704586,1.0555591920346103,0.9825
"3 types (0.94, 0.58, 0.44)",2000,simultaneous CP,27.466333662407305,28.440453221910612,25.706978195704586,1.0684388282943613,0.9925
"3 types (0.94, 0.58, 0.44)",10000,plug-in,25.713176139852113,26.09664781163165,25.706978195704586,1.0002410996773072,0.513
"3 types (0.94, 0.58, 0.44)",10000,marginal CP,26.3513623276885,26.745303614842673,25.706978195704586,1.0250665063422968,0.9875
"3 types (0.94, 0.58, 0.44)",10000,simultaneous CP,26.491373267830493,26.88902544354178,25.706978195704586,1.0305129240066409,0.995
"11 types, SLEIGHT-like spread",5,plug-in,inf,,84.08559060051961,inf,0.74575
"11 types, SLEIGHT-like spread",5,marginal CP,inf,,84.08559060051961,inf,1.0
"11 types, SLEIGHT-like spread",5,simultaneous CP,inf,,84.08559060051961,inf,1.0
"11 types, SLEIGHT-like spread",10,plug-in,118.3251044250313,,84.08559060051961,1.4071983508705963,0.78175
"11 types, SLEIGHT-like spread",10,marginal CP,4737.500145729222,,84.08559060051961,56.341402990632574,1.0
"11 types, SLEIGHT-like spread",10,simultaneous CP,52669.44445972956,,84.08559060051961,626.378956056284,1.0
"11 types, SLEIGHT-like spread",20,plug-in,118.3251044250313,238.15757553383835,84.08559060051961,1.4071983508705963,0.53725
"11 types, SLEIGHT-like spread",20,marginal CP,968.894748093203,9470.503137534275,84.08559060051961,11.522720375436307,1.0
"11 types, SLEIGHT-like spread",20,simultaneous CP,3390.639381724525,105334.39500153583,84.08559060051961,40.323667319327505,1.0
"11 types, SLEIGHT-like spread",40,plug-in,94.35764086675101,158.26979654347696,84.08559060051961,1.122161837633188,0.556
"11 types, SLEIGHT-like spread",40,marginal CP,284.7641066774274,759.6999927755002,84.08559060051961,3.3865981631776476,0.995
"11 types, SLEIGHT-like spread",40,simultaneous CP,513.7340205452203,1840.3610008616033,84.08559060051961,6.109655850381167,1.0
"11 types, SLEIGHT-like spread",80,plug-in,85.64197678255974,135.4443733997439,84.08559060051961,1.0185095468905527,0.5845
"11 types, SLEIGHT-like spread",80,marginal CP,168.0166598468893,332.22709522597177,84.08559060051961,1.9981623325346667,1.0
"11 types, SLEIGHT-like spread",80,simultaneous CP,235.71799132500382,528.496043849629,84.08559060051961,2.803310170524594,1.0
"11 types, SLEIGHT-like spread",163,plug-in,83.41566599577318,113.39068211321647,84.08559060051961,0.992032825125423,0.48125
"11 types, SLEIGHT-like spread",163,marginal CP,129.31692927881332,191.96051327717075,84.08559060051961,1.5379202114804935,0.985
"11 types, SLEIGHT-like spread",163,simultaneous CP,159.88118441162348,248.39474079190106,84.08559060051961,1.9014100188842045,1.0
"11 types, SLEIGHT-like spread",500,plug-in,84.08559060051961,98.35227246335742,84.08559060051961,1.0,0.529
"11 types, SLEIGHT-like spread",500,marginal CP,107.55058161618689,127.57535740994982,84.08559060051961,1.2790607861357197,0.985
"11 types, SLEIGHT-like spread",500,simultaneous CP,120.25557883344827,144.1266588503893,84.08559060051961,1.4301567958863233,1.0
"11 types, SLEIGHT-like spread",2000,plug-in,84.08559060051961,90.67026344800313,84.08559060051961,1.0,0.51875
"11 types, SLEIGHT-like spread",2000,marginal CP,94.29708071168224,101.3418360479542,84.08559060051961,1.1214416172644392,0.9725
"11 types, SLEIGHT-like spread",2000,simultaneous CP,99.37224671276023,107.01673076987569,84.08559060051961,1.1817987600856092,0.9975
"11 types, SLEIGHT-like spread",10000,plug-in,84.08559060051961,86.86320790236381,84.08559060051961,1.0,0.504
"11 types, SLEIGHT-like spread",10000,marginal CP,88.22079254600493,91.49392883001263,84.08559060051961,1.049178484874194,0.9725
"11 types, SLEIGHT-like spread",10000,simultaneous CP,90.24489786468854,93.63573780609836,84.08559060051961,1.073250448979196,0.99
"40 types, SLEIGHT-like spread",5,plug-in,inf,,84.08559060051961,inf,0.9845
"40 types, SLEIGHT-like spread",5,marginal CP,inf,,84.08559060051961,inf,1.0
"40 types, SLEIGHT-like spread",5,simultaneous CP,inf,,84.08559060051961,inf,1.0
"40 types, SLEIGHT-like spread",10,plug-in,inf,,84.08559060051961,inf,0.98675
"40 types, SLEIGHT-like spread",10,marginal CP,inf,,84.08559060051961,inf,1.0
"40 types, SLEIGHT-like spread",10,simultaneous CP,inf,,84.08559060051961,inf,1.0
"40 types, SLEIGHT-like spread",20,plug-in,118.3251044250313,,84.08559060051961,1.4071983508705963,0.87225
"40 types, SLEIGHT-like spread",20,marginal CP,9470.503137534275,,84.08559060051961,112.62932293033988,1.0
"40 types, SLEIGHT-like spread",20,simultaneous CP,383338.3828655232,,84.08559060051961,4558.906943839131,1.0
"40 types, SLEIGHT-like spread",40,plug-in,118.3251044250313,238.15757553383835,84.08559060051961,1.4071983508705963,0.84025
"40 types, SLEIGHT-like spread",40,marginal CP,427.6051616017058,1958.531482138761,84.08559060051961,5.085355987248824,1.0
"40 types, SLEIGHT-like spread",40,simultaneous CP,1227.0082038405094,13232.612952267124,84.08559060051961,14.592371833003776,1.0
"40 types, SLEIGHT-like spread",80,plug-in,94.35764086675101,135.4443733997439,84.08559060051961,1.122161837633188,0.80475
"40 types, SLEIGHT-like spread",80,marginal CP,193.01970847858323,332.22709522597177,84.08559060051961,2.2955146904491204,1.0
"40 types, SLEIGHT-like spread",80,simultaneous CP,329.69674419137414,662.8216164032035,84.08559060051961,3.9209660280287877,1.0
"40 types, SLEIGHT-like spread",163,plug-in,91.50431537565333,113.39068211321647,84.08559060051961,1.0882282531662195,0.639
"40 types, SLEIGHT-like spread",163,marginal CP,145.434589099623,191.96051327717075,84.08559060051961,1.7296018028887374,1.0
"40 types, SLEIGHT-like spread",163,simultaneous CP,202.38206804385268,280.4884909905319,84.08559060051961,2.4068579003666066,1.0
"40 types, SLEIGHT-like spread",500,plug-in,85.32618875867334,98.35227246335742,84.08559060051961,1.0147539923225093,0.5755
"40 types, SLEIGHT-like spread",500,marginal CP,108.44664546940675,125.38380674807004,84.08559060051961,1.2897173546014982,0.9975
"40 types, SLEIGHT-like spread",500,simultaneous CP,127.70310565016449,149.5582913194463,84.08559060051961,1.5187275814814263,1.0
"40 types, SLEIGHT-like spread",2000,plug-in,84.08559060051961,90.67026344800313,84.08559060051961,1.0,0.5055
"40 types, SLEIGHT-like spread",2000,marginal CP,93.93340522284532,101.805591017622,84.08559060051961,1.1171165541205683,0.99
"40 types, SLEIGHT-like spread",2000,simultaneous CP,101.33922414415424,110.20102122193103,84.08559060051961,1.2051913225608957,1.0
"40 types, SLEIGHT-like spread",10000,plug-in,84.02449037843476,86.86320790236381,84.08559060051961,0.9992733568064578,0.49475
"40 types, SLEIGHT-like spread",10000,marginal CP,88.35260421873015,91.21215191982411,84.08559060051961,1.0507460741815158,0.965
"40 types, SLEIGHT-like spread",10000,simultaneous CP,91.3031060234416,94.31248342622166,84.08559060051961,1.0858353419578335,1.0
