G,fp_budget_share,value,U,pi
1.0,1.0,0.5177600568513008,4.107605782445428,"[1.0, 1.0, 1.0, 1.0, 1.0, 1.0, 1.0, 1.0, 1.0, 1.0, -0.0, 1.0, 0.0, 0.0]"
1.0,0.75,,inf,"[nan, nan, nan, nan, nan, nan, nan, nan, nan, nan, nan, nan, nan, nan]"
1.0,0.5,,inf,"[nan, nan, nan, nan, nan, nan, nan, nan, nan, nan, nan, nan, nan, nan]"
1.0,0.25,,inf,"[nan, nan, nan, nan, nan, nan, nan, nan, nan, nan, nan, nan, nan, nan]"
1.5,1.0,0.42519631689628606,5.410127741095206,"[0.6634, 0.7001, 0.7418, 0.7937, 0.9217, 1.0, 0.6251, 0.7783, 1.0, 0.7759, 1.0, 1.0, 1.0, 0.0]"
1.5,0.75,,inf,"[nan, nan, nan, nan, nan, nan, nan, nan, nan, nan, nan, nan, nan, nan]"
1.5,0.5,,inf,"[nan, nan, nan, nan, nan, nan, nan, nan, nan, nan, nan, nan, nan, nan]"
1.5,0.25,,inf,"[nan, nan, nan, nan, nan, nan, nan, nan, nan, nan, nan, nan, nan, nan]"
2.0,1.0,0.4052887571683704,5.764578824933392,"[0.5711, 0.6027, 0.6386, 0.6833, 0.7934, 0.8905, 0.5381, 0.67, 1.0, 0.6679, 1.0, 0.9444, 1.0, 1.0]"
2.0,0.75,,inf,"[nan, nan, nan, nan, nan, nan, nan, nan, nan, nan, nan, nan, nan, nan]"
2.0,0.5,,inf,"[nan, nan, nan, nan, nan, nan, nan, nan, nan, nan, nan, nan, nan, nan]"
2.0,0.25,,inf,"[nan, nan, nan, nan, nan, nan, nan, nan, nan, nan, nan, nan, nan, nan]"
5.0,1.0,0.34370954829554673,7.113188371970423,"[1.0, 0.4961, 0.5257, 0.6565, 1.0, 1.0, 0.443, 0.5516, 1.0, 0.5498, 1.0, 0.7774, 1.0, 1.0]"
5.0,0.75,,inf,"[nan, nan, nan, nan, nan, nan, nan, nan, nan, nan, nan, nan, nan, nan]"
5.0,0.5,,inf,"[nan, nan, nan, nan, nan, nan, nan, nan, nan, nan, nan, nan, nan, nan]"
5.0,0.25,,inf,"[nan, nan, nan, nan, nan, nan, nan, nan, nan, nan, nan, nan, nan, nan]"
100.0,1.0,0.28757322941109714,8.834931626865806,"[0.4405, 1.0, 0.3952, 1.0, 1.0, 1.0, 1.0, 0.4147, 1.0, 0.4134, 0.7518, 0.5845, 1.0, 1.0]"
100.0,0.75,,inf,"[nan, nan, nan, nan, nan, nan, nan, nan, nan, nan, nan, nan, nan, nan]"
100.0,0.5,,inf,"[nan, nan, nan, nan, nan, nan, nan, nan, nan, nan, nan, nan, nan, nan]"
100.0,0.25,,inf,"[nan, nan, nan, nan, nan, nan, nan, nan, nan, nan, nan, nan, nan, nan]"
