budget,design,G,U,fp_per_week
0.005011872336272725,report-shaped tiers,1.0,918.9850820277285,205.03716621788462
0.005011872336272725,report-shaped tiers,2.0,1733.0953696322517,205.03716621788462
0.005011872336272725,report-shaped tiers,inf,6530.998500573186,205.03716621788462
0.005011872336272725,risk-targeted ($\Gamma{=}1$ optimum),1.0,671.003130636317,197.83706590550221
0.005011872336272725,risk-targeted ($\Gamma{=}1$ optimum),2.0,inf,197.83706590550221
0.005011872336272725,risk-targeted ($\Gamma{=}1$ optimum),inf,inf,197.83706590550221
0.005011872336272725,equal effective coverage,1.0,1123.178155086919,230.41563922966193
0.005011872336272725,equal effective coverage,2.0,1123.1781550869196,230.41563922966193
0.005011872336272725,equal effective coverage,inf,1123.1781550869196,230.41563922966193
0.005011872336272725,uniform hidden floor,1.0,1008.0987884204011,220.46595260156118
0.005011872336272725,uniform hidden floor,2.0,1373.662215074563,220.46595260156118
0.005011872336272725,uniform hidden floor,inf,2077.0233814572425,220.46595260156118
0.005011872336272725,floor + risk overlay (50/50),1.0,848.7359845548616,213.9737905715591
0.005011872336272725,floor + risk overlay (50/50),2.0,2247.855175306803,213.9737905715591
0.005011872336272725,floor + risk overlay (50/50),inf,2247.8551753068346,213.9737905715591
0.005708072582268439,report-shaped tiers,1.0,806.6585187681322,233.51892233246966
0.005708072582268439,report-shaped tiers,2.0,1521.4223109380548,233.51892233246966
0.005708072582268439,report-shaped tiers,inf,5734.245186303911,233.51892233246966
0.005708072582268439,risk-targeted ($\Gamma{=}1$ optimum),1.0,586.5466829026898,225.3186545632278
0.005708072582268439,risk-targeted ($\Gamma{=}1$ optimum),2.0,inf,225.3186545632278
0.005708072582268439,risk-targeted ($\Gamma{=}1$ optimum),inf,inf,225.3186545632278
0.005708072582268439,equal effective coverage,1.0,986.0038806392984,262.4227243966096
0.005708072582268439,equal effective coverage,2.0,986.003880639299,262.4227243966096
0.005708072582268439,equal effective coverage,inf,986.003880639299,262.4227243966096
0.005708072582268439,uniform hidden floor,1.0,884.94402131569,251.09092469513095
0.005708072582268439,uniform hidden floor,2.0,1205.9282335274095,251.09092469513095
0.005708072582268439,uniform hidden floor,inf,1823.510918285103,251.09092469513095
0.005708072582268439,floor + risk overlay (50/50),1.0,744.2028334893699,243.67279880221966
0.005708072582268439,floor + risk overlay (50/50),2.0,1973.5067654284542,243.67279880221966
0.005708072582268439,floor + risk overlay (50/50),inf,1973.5067654284678,243.67279880221966
0.006500982151647475,report-shaped tiers,1.0,708.0320976473748,265.9570852114202
0.006500982151647475,report-shaped tiers,2.0,1335.5664520717726,265.9570852114202
0.006500982151647475,report-shaped tiers,inf,5034.670003829113,265.9570852114202
0.006500982151647475,risk-targeted ($\Gamma{=}1$ optimum),1.0,512.3826406763417,256.61771651240025
0.006500982151647475,risk-targeted ($\Gamma{=}1$ optimum),2.0,inf,256.61771651240025
0.006500982151647475,risk-targeted ($\Gamma{=}1$ optimum),inf,inf,256.61771651240025
0.006500982151647475,equal effective coverage,1.0,865.5604070105599,298.8759205320199
0.006500982151647475,equal effective coverage,2.0,865.5604070105601,298.8759205320199
0.006500982151647475,equal effective coverage,inf,865.5604070105602,298.8759205320199
0.006500982151647475,uniform hidden floor,1.0,776.8101124115481,285.97001813789143
0.006500982151647475,uniform hidden floor,2.0,1058.652347477112,285.97001813789143
0.006500982151647475,uniform hidden floor,inf,1600.9187635126673,285.97001813789143
0.006500982151647475,floor + risk overlay (50/50),1.0,652.4162199624561,277.49013126495834
0.006500982151647475,floor + risk overlay (50/50),2.0,1732.619976572039,277.49013126495834
0.006500982151647475,floor + risk overlay (50/50),inf,1732.619976572058,277.49013126495834
0.007404034956970254,report-shaped tiers,1.0,621.4348351882247,302.9012401549589
0.007404034956970254,report-shaped tiers,2.0,1172.3789201893692,302.9012401549589
0.007404034956970254,report-shaped tiers,inf,4420.42036340318,302.9012401549589
0.007404034956970254,risk-targeted ($\Gamma{=}1$ optimum),1.0,447.2543219505643,292.2645377751415
0.007404034956970254,risk-targeted ($\Gamma{=}1$ optimum),2.0,inf,292.2645377751415
0.007404034956970254,risk-targeted ($\Gamma{=}1$ optimum),inf,inf,292.2645377751415
0.007404034956970254,equal effective coverage,1.0,759.8071142238016,340.3928378506547
0.007404034956970254,equal effective coverage,2.0,759.807114223802,340.3928378506547
0.007404034956970254,equal effective coverage,inf,759.807114223802,340.3928378506547
0.007404034956970254,uniform hidden floor,1.0,681.8649971588725,325.69417382599534
0.007404034956970254,uniform hidden floor,2.0,929.3393273702653,325.69417382599534
0.007404034956970254,uniform hidden floor,inf,1405.475637711111,325.69417382599534
0.007404034956970254,floor + risk overlay (50/50),1.0,571.8210163165021,315.99573454394164
0.007404034956970254,floor + risk overlay (50/50),2.0,1521.1135714983125,315.99573454394164
0.007404034956970254,floor + risk overlay (50/50),inf,1521.1135714983284,315.99573454394164
0.008432531018431597,report-shaped tiers,1.0,545.3995525467997,344.9773154735728
0.008432531018431597,report-shaped tiers,2.0,1029.0949017622888,344.9773154735728
0.008432531018431597,report-shaped tiers,inf,3881.0893078156505,344.9773154735728
0.008432531018431597,risk-targeted ($\Gamma{=}1$ optimum),1.0,390.0580814803134,332.86306651703666
0.008432531018431597,risk-targeted ($\Gamma{=}1$ optimum),2.0,inf,332.86306651703666
0.008432531018431597,risk-targeted ($\Gamma{=}1$ optimum),inf,inf,332.86306651703666
0.008432531018431597,equal effective coverage,1.0,666.9522714672729,387.67687893280356
0.008432531018431597,equal effective coverage,2.0,666.9522714672732,387.67687893280356
0.008432531018431597,equal effective coverage,inf,666.9522714672732,387.67687893280356
0.008432531018431597,uniform hidden floor,1.0,598.5000628331466,370.9364203804356
0.008432531018431597,uniform hidden floor,2.0,815.7982804595595,370.9364203804356
0.008432531018431597,uniform hidden floor,inf,1233.8702353176905,370.9364203804356
0.008432531018431597,floor + risk overlay (50/50),1.0,501.0516971128365,359.83809355610197
0.008432531018431597,floor + risk overlay (50/50),2.0,1335.4040916818467,359.83809355610197
0.008432531018431597,floor + risk overlay (50/50),inf,1335.4040916818587,359.83809355610197
0.009603895685266787,report-shaped tiers,1.0,478.6380177487472,392.8981873117126
0.009603895685266787,report-shaped tiers,2.0,903.2867995710516,392.8981873117126
0.009603895685266787,report-shaped tiers,inf,3407.5391919650015,392.8981873117126
0.009603895685266787,risk-targeted ($\Gamma{=}1$ optimum),1.0,339.8245937890634,379.1011454710573
0.009603895685266787,risk-targeted ($\Gamma{=}1$ optimum),2.0,inf,379.1011454710573
0.009603895685266787,risk-targeted ($\Gamma{=}1$ optimum),inf,inf,379.1011454710573
0.009603895685266787,equal effective coverage,1.0,585.4226805982045,441.5291561599192
0.009603895685266787,equal effective coverage,2.0,585.4226805982046,441.5291561599192
0.009603895685266787,equal effective coverage,inf,585.4226805982046,441.5291561599192
0.009603895685266787,uniform hidden floor,1.0,525.3028945237284,422.46327697025947
0.009603895685266787,uniform hidden floor,2.0,716.1055314851386,422.46327697025947
0.009603895685266787,uniform hidden floor,inf,1083.1951226646397,422.46327697025947
0.009603895685266787,floor + risk overlay (50/50),1.0,438.90920076617545,409.7549532326727
0.009603895685266787,floor + risk overlay (50/50),2.0,1172.3451443741296,409.7549532326727
0.009603895685266787,floor + risk overlay (50/50),inf,1172.3451443741421,409.7549532326727
0.010937974865657962,report-shaped tiers,1.0,420.0191197397807,447.4757575897918
0.010937974865657962,report-shaped tiers,2.0,792.823103002262,447.4757575897918
0.010937974865657962,report-shaped tiers,inf,2991.7468678203745,447.4757575897918
0.010937974865657962,risk-targeted ($\Gamma{=}1$ optimum),1.0,295.70240462815167,431.7621657496562
0.010937974865657962,risk-targeted ($\Gamma{=}1$ optimum),2.0,inf,431.7621657496562
0.010937974865657962,risk-targeted ($\Gamma{=}1$ optimum),inf,inf,431.7621657496562
0.010937974865657962,equal effective coverage,1.0,513.837022147539,502.86206460375644
0.010937974865657962,equal effective coverage,2.0,513.8370221475394,502.86206460375644
0.010937974865657962,equal effective coverage,inf,513.8370221475394,502.86206460375644
0.010937974865657962,uniform hidden floor,1.0,461.033345213811,481.1477401043671
0.010937974865657962,uniform hidden floor,2.0,628.5720307019407,481.1477401043671
0.010937974865657962,uniform hidden floor,inf,950.8974786289954,481.1477401043671
0.010937974865657962,floor + risk overlay (50/50),1.0,384.3406105151289,466.5854736657242
0.010937974865657962,floor + risk overlay (50/50),2.0,1029.1740946763925,466.5854736657242
0.010937974865657962,floor + risk overlay (50/50),inf,1029.1740946763982,466.5854736657242
0.01245737126708929,report-shaped tiers,1.0,368.5497044624853,509.63470969566566
0.01245737126708929,report-shaped tiers,2.0,695.8322748062658,509.63470969566566
0.01245737126708929,report-shaped tiers,inf,2626.6677518091487,509.63470969566566
0.01245737126708929,risk-targeted ($\Gamma{=}1$ optimum),1.0,256.9434689479305,491.7383394903666
0.01245737126708929,risk-targeted ($\Gamma{=}1$ optimum),2.0,inf,491.7383394903666
0.01245737126708929,risk-targeted ($\Gamma{=}1$ optimum),inf,inf,491.7383394903666
0.01245737126708929,equal effective coverage,1.0,450.9824522386782,572.7147403284155
0.01245737126708929,equal effective coverage,2.0,450.9824522386783,572.7147403284155
0.01245737126708929,equal effective coverage,inf,450.9824522386783,572.7147403284155
0.01245737126708929,uniform hidden floor,1.0,404.6025245167276,547.984074421306
0.01245737126708929,uniform hidden floor,2.0,551.714737061619,547.984074421306
0.01245737126708929,uniform hidden floor,inf,834.735843324139,547.984074421306
0.01245737126708929,floor + risk overlay (50/50),1.0,336.42131010850187,531.284001237895
0.01245737126708929,floor + risk overlay (50/50),2.0,903.4652594502835,531.284001237895
0.01245737126708929,floor + risk overlay (50/50),inf,903.4652594502899,531.284001237895
0.014187827343920932,report-shaped tiers,1.0,323.35774827259473,580.428174982123
0.014187827343920932,report-shaped tiers,2.0,610.6710424642062,580.428174982123
0.014187827343920932,report-shaped tiers,inf,2306.116471584906,580.428174982123
0.014187827343920932,risk-targeted ($\Gamma{=}1$ optimum),1.0,222.89042538693099,560.0458162074051
0.014187827343920932,risk-targeted ($\Gamma{=}1$ optimum),2.0,inf,560.0458162074051
0.014187827343920932,risk-targeted ($\Gamma{=}1$ optimum),inf,inf,560.0458162074051
0.014187827343920932,equal effective coverage,1.0,395.7940539121117,652.2706660083863
0.014187827343920932,equal effective coverage,2.0,395.7940539121117,652.2706660083863
0.014187827343920932,equal effective coverage,inf,395.7940539121118,652.2706660083863
0.014187827343920932,uniform hidden floor,1.0,355.05435008366425,624.1046580708032
0.014187827343920932,uniform hidden floor,2.0,484.23149170689345,624.1046580708032
0.014187827343920932,uniform hidden floor,inf,732.7421420454287,624.1046580708032
0.014187827343920932,floor + risk overlay (50/50),1.0,294.33931136658595,604.9356586737234
0.014187827343920932,floor + risk overlay (50/50),2.0,793.0888100513854,604.9356586737234
0.014187827343920932,floor + risk overlay (50/50),inf,793.0888100513898,604.9356586737234
0.01615866144029146,report-shaped tiers,1.0,283.67758360810694,661.0555755008512
0.01615866144029146,report-shaped tiers,2.0,535.896556938296,661.0555755008512
0.01615866144029146,report-shaped tiers,inf,2024.6620700272806,661.0555755008512
0.01615866144029146,risk-targeted ($\Gamma{=}1$ optimum),1.0,192.96538393058165,637.8418989588732
0.01615866144029146,risk-targeted ($\Gamma{=}1$ optimum),2.0,inf,637.8418989588732
0.01615866144029146,risk-targeted ($\Gamma{=}1$ optimum),inf,inf,637.8418989588732
0.01615866144029146,equal effective coverage,1.0,347.33679470866144,742.877722146721
0.01615866144029146,equal effective coverage,2.0,347.3367947086616,742.877722146721
0.01615866144029146,equal effective coverage,inf,347.3367947086616,742.877722146721
0.01615866144029146,uniform hidden floor,1.0,311.5493491158698,710.7991680908051
0.01615866144029146,uniform hidden floor,2.0,424.97895607089436,710.7991680908051
0.01615866144029146,uniform hidden floor,inf,643.1883410585186,710.7991680908051
0.01615866144029146,floor + risk overlay (50/50),1.0,257.38148735694136,688.7739787418097
0.01615866144029146,floor + risk overlay (50/50),2.0,696.1746875929762,688.7739787418097
0.01615866144029146,floor + risk overlay (50/50),inf,696.1746875929791,688.7739787418097
0.018403264517723124,report-shaped tiers,1.0,248.836926594572,752.88294527436
0.018403264517723124,report-shaped tiers,2.0,470.24194710217364,752.88294527436
0.018403264517723124,report-shaped tiers,inf,1777.5359909618533,752.88294527436
0.018403264517723124,risk-targeted ($\Gamma{=}1$ optimum),1.0,166.6600243902065,726.4446520153863
0.018403264517723124,risk-targeted ($\Gamma{=}1$ optimum),2.0,inf,726.4446520153863
0.018403264517723124,risk-targeted ($\Gamma{=}1$ optimum),inf,inf,726.4446520153863
0.018403264517723124,equal effective coverage,1.0,304.78968482640727,846.0710236121595
0.018403264517723124,equal effective coverage,2.0,304.78968482640744,846.0710236121595
0.018403264517723124,equal effective coverage,inf,304.78968482640744,846.0710236121595
0.018403264517723124,uniform hidden floor,1.0,273.3504355367629,809.5364308293024
0.018403264517723124,uniform hidden floor,2.0,372.9532407962194,809.5364308293024
0.018403264517723124,uniform hidden floor,inf,564.5571702941902,809.5364308293024
0.018403264517723124,floor + risk overlay (50/50),1.0,224.92147688864793,784.2008292534935
0.018403264517723124,floor + risk overlay (50/50),2.0,611.0809193724375,784.2008292534935
0.018403264517723124,floor + risk overlay (50/50),inf,611.0809193724393,784.2008292534935
0.020959665883263787,report-shaped tiers,1.0,218.24548679872493,857.46607440007
0.020959665883263787,report-shaped tiers,2.0,412.59485567930085,857.46607440007
0.020959665883263787,report-shaped tiers,inf,1560.5512876432792,857.46607440007
0.020959665883263787,risk-targeted ($\Gamma{=}1$ optimum),1.0,143.52681755164767,827.3552322340967
0.020959665883263787,risk-targeted ($\Gamma{=}1$ optimum),2.0,inf,827.3552322340967
0.020959665883263787,risk-targeted ($\Gamma{=}1$ optimum),inf,inf,827.3552322340967
0.020959665883263787,equal effective coverage,1.0,267.4318674496051,963.5989284044615
0.020959665883263787,equal effective coverage,2.0,267.4318674496052,963.5989284044615
0.020959665883263787,equal effective coverage,inf,267.4318674496052,963.5989284044615
0.020959665883263787,uniform hidden floor,1.0,239.8104218517922,921.9893076128711
0.020959665883263787,uniform hidden floor,2.0,327.2728972776742,921.9893076128711
0.020959665883263787,uniform hidden floor,inf,495.516416917288,921.9893076128711
0.020959665883263787,floor + risk overlay (50/50),1.0,196.4090538607917,892.8089006373297
0.020959665883263787,floor + risk overlay (50/50),2.0,536.3657996595144,892.8089006373297
0.020959665883263787,floor + risk overlay (50/50),inf,536.3657996595155,892.8089006373297
0.023871177503044648,report-shaped tiers,1.0,191.38496614747473,976.5768681068129
0.023871177503044648,report-shaped tiers,2.0,361.978593031166,976.5768681068129
0.023871177503044648,report-shaped tiers,inf,1370.031685187021,976.5768681068129
0.023871177503044648,risk-targeted ($\Gamma{=}1$ optimum),1.0,123.17118548667246,942.2833224886042
0.023871177503044648,risk-targeted ($\Gamma{=}1$ optimum),2.0,inf,942.2833224886042
0.023871177503044648,risk-targeted ($\Gamma{=}1$ optimum),inf,inf,942.2833224886042
0.023871177503044648,equal effective coverage,1.0,234.63040558370224,1097.4526593028236
0.023871177503044648,equal effective coverage,2.0,234.63040558370236,1097.4526593028236
0.023871177503044648,equal effective coverage,inf,234.63040558370236,1097.4526593028236
0.023871177503044648,uniform hidden floor,1.0,210.36105411357596,1050.063037288689
0.023871177503044648,uniform hidden floor,2.0,287.1639836613948,1050.063037288689
0.023871177503044648,uniform hidden floor,inf,434.896354237021,1050.063037288689
0.023871177503044648,floor + risk overlay (50/50),1.0,171.36077907513138,1016.4070510860146
0.023871177503044648,floor + risk overlay (50/50),2.0,470.763463517819,1016.4070510860146
0.023871177503044648,floor + risk overlay (50/50),inf,470.7634635178205,1016.4070510860146
0.027187127817570513,report-shaped tiers,1.0,167.8002775642473,1112.2333673534233
0.027187127817570513,report-shaped tiers,2.0,317.53558948942094,1112.2333673534233
0.027187127817570513,report-shaped tiers,inf,1202.7492950861888,1112.2333673534233
0.027187127817570513,risk-targeted ($\Gamma{=}1$ optimum),1.0,105.24440643283877,1073.1760980619938
0.027187127817570513,risk-targeted ($\Gamma{=}1$ optimum),2.0,inf,1073.1760980619938
0.027187127817570513,risk-targeted ($\Gamma{=}1$ optimum),inf,inf,1073.1760980619938
0.027187127817570513,equal effective coverage,1.0,205.82955847352233,1249.9000402637457
0.027187127817570513,equal effective coverage,2.0,205.82955847352233,1249.9000402637457
0.027187127817570513,equal effective coverage,inf,205.82955847352235,1249.9000402637457
0.027187127817570513,uniform hidden floor,1.0,184.50338421465202,1195.9275158350579
0.027187127817570513,uniform hidden floor,2.0,251.94695227944302,1195.9275158350579
0.027187127817570513,uniform hidden floor,inf,381.6699235465438,1195.9275158350579
0.027187127817570513,floor + risk overlay (50/50),1.0,149.35177268397106,1157.048827134906
0.027187127817570513,floor + risk overlay (50/50),2.0,413.16243981764876,1157.048827134906
0.027187127817570513,floor + risk overlay (50/50),inf,413.16243981764933,1157.048827134906
0.0309636974914473,report-shaped tiers,1.0,147.0918345383777,1266.7339395950466
0.0309636974914473,report-shaped tiers,2.0,278.5128658682939,1266.7339395950466
0.0309636974914473,report-shaped tiers,inf,1055.8699265383054,1266.7339395950466
0.0309636974914473,risk-targeted ($\Gamma{=}1$ optimum),1.0,89.43702875069216,1222.2512167676564
0.0309636974914473,risk-targeted ($\Gamma{=}1$ optimum),2.0,inf,1222.2512167676564
0.0309636974914473,risk-targeted ($\Gamma{=}1$ optimum),inf,inf,1222.2512167676564
0.0309636974914473,equal effective coverage,1.0,180.54136591879796,1423.5239191490612
0.0309636974914473,equal effective coverage,2.0,180.54136591879796,1423.5239191490612
0.0309636974914473,equal effective coverage,inf,180.541365918798,1423.5239191490612
0.0309636974914473,uniform hidden floor,1.0,161.79931638725802,1362.054059939454
0.0309636974914473,uniform hidden floor,2.0,221.02513635847725,1362.054059939454
0.0309636974914473,uniform hidden floor,inf,334.9353331213108,1362.054059939454
0.0309636974914473,floor + risk overlay (50/50),1.0,130.00846255600956,1317.064498187207
0.0309636974914473,floor + risk overlay (50/50),2.0,362.5868200730836,1317.064498187207
0.0309636974914473,floor + risk overlay (50/50),inf,362.58682007308397,1317.064498187207
0.035264871257280735,report-shaped tiers,1.0,128.90878098568106,1442.6962189960127
0.035264871257280735,report-shaped tiers,2.0,244.24927598548896,1442.6962189960127
0.035264871257280735,report-shaped tiers,inf,926.9050680162443,1442.6962189960127
0.035264871257280735,risk-targeted ($\Gamma{=}1$ optimum),1.0,75.47245386574777,1392.0343917347654
0.035264871257280735,risk-targeted ($\Gamma{=}1$ optimum),2.0,inf,1392.0343917347654
0.035264871257280735,risk-targeted ($\Gamma{=}1$ optimum),inf,inf,1392.0343917347654
0.035264871257280735,equal effective coverage,1.0,158.33738096005075,1621.2659277632315
0.035264871257280735,equal effective coverage,2.0,158.33738096005078,1621.2659277632315
0.035264871257280735,equal effective coverage,inf,158.33738096005084,1621.2659277632315
0.035264871257280735,uniform hidden floor,1.0,141.86418468274718,1551.2572774129706
0.035264871257280735,uniform hidden floor,2.0,193.87464093654896,1551.2572774129706
0.035264871257280735,uniform hidden floor,inf,293.9007795584668,1551.2572774129706
0.035264871257280735,floor + risk overlay (50/50),1.0,113.00217728341015,1499.0969600443532
0.035264871257280735,floor + risk overlay (50/50),2.0,318.1797240551548,1499.0969600443532
0.035264871257280735,floor + risk overlay (50/50),inf,318.1797240551555,1499.0969600443532
0.04016352198041241,report-shaped tiers,1.0,112.94304668662734,1643.1014558359198
0.04016352198041241,report-shaped tiers,2.0,214.16430504036413,1643.1014558359198
0.04016352198041241,report-shaped tiers,inf,813.6697255284844,1643.1014558359198
0.04016352198041241,risk-targeted ($\Gamma{=}1$ optimum),1.0,63.100091135662026,1585.4021834373316
0.04016352198041241,risk-targeted ($\Gamma{=}1$ optimum),2.0,inf,1585.4021834373316
0.04016352198041241,risk-targeted ($\Gamma{=}1$ optimum),inf,inf,1585.4021834373316
0.04016352198041241,equal effective coverage,1.0,138.8414108637179,1846.4763206066873
0.04016352198041241,equal effective coverage,2.0,138.84141086371793,1846.4763206066873
0.04016352198041241,equal effective coverage,inf,138.84141086371793,1846.4763206066873
0.04016352198041241,uniform hidden floor,1.0,124.36023566946858,1766.7427538328923
0.04016352198041241,uniform hidden floor,2.0,170.03546671247798,1766.7427538328923
0.04016352198041241,uniform hidden floor,inf,257.8710325972931,1766.7427538328923
0.04016352198041241,floor + risk overlay (50/50),1.0,98.04346159483097,1706.1418722858275
0.04016352198041241,floor + risk overlay (50/50),2.0,279.1887820459383,1706.1418722858275
0.04016352198041241,floor + risk overlay (50/50),inf,279.1887820459387,1706.1418722858275
0.04574264531131761,report-shaped tiers,1.0,98.92412757231068,1871.3450265010922
0.04574264531131761,report-shaped tiers,2.0,187.74823405603524,1871.3450265010922
0.04574264531131761,report-shaped tiers,inf,714.2454032411148,1871.3450265010922
0.04574264531131761,risk-targeted ($\Gamma{=}1$ optimum),1.0,52.08681889205845,1805.630735973063
0.04574264531131761,risk-targeted ($\Gamma{=}1$ optimum),2.0,inf,1805.630735973063
0.04574264531131761,risk-targeted ($\Gamma{=}1$ optimum),inf,inf,1805.630735973063
0.04574264531131761,equal effective coverage,1.0,121.72314341804181,2102.9707367409314
0.04574264531131761,equal effective coverage,2.0,121.72314341804187,2102.9707367409314
0.04574264531131761,equal effective coverage,inf,121.72314341804189,2102.9707367409314
0.04574264531131761,uniform hidden floor,1.0,108.99090592302477,2012.1613633468676
0.04574264531131761,uniform hidden floor,2.0,149.10371644067834,2012.1613633468676
0.04574264531131761,uniform hidden floor,inf,226.23565613271862,2012.1613633468676
0.04574264531131761,floor + risk overlay (50/50),1.0,84.87699487573438,1941.5923937408331
0.04574264531131761,floor + risk overlay (50/50),2.0,244.95338776538895,1941.5923937408331
0.04574264531131761,floor + risk overlay (50/50),inf,244.95338776538915,1941.5923937408331
0.05209676584382856,report-shaped tiers,1.0,86.6145024041343,2131.293959829633
0.05209676584382856,report-shaped tiers,2.0,164.55350373343484,2131.293959829633
0.05209676584382856,report-shaped tiers,inf,626.947599258744,2131.293959829633
0.05209676584382856,risk-targeted ($\Gamma{=}1$ optimum),1.0,42.20352362788043,2056.4512833090216
0.05209676584382856,risk-targeted ($\Gamma{=}1$ optimum),2.0,inf,2056.4512833090216
0.05209676584382856,risk-targeted ($\Gamma{=}1$ optimum),inf,inf,2056.4512833090216
0.05209676584382856,equal effective coverage,1.0,106.6925505499172,2395.0948464563153
0.05209676584382856,equal effective coverage,2.0,106.69255054991726,2395.0948464563153
0.05209676584382856,equal effective coverage,inf,106.69255054991726,2395.0948464563153
0.05209676584382856,uniform hidden floor,1.0,95.49579734638749,2291.671123802373
0.05209676584382856,uniform hidden floor,2.0,130.72475182455406,2291.671123802373
0.05209676584382856,uniform hidden floor,inf,198.45866585500542,2291.671123802373
0.05209676584382856,floor + risk overlay (50/50),1.0,73.276986579436,2209.288864372058
0.05209676584382856,floor + risk overlay (50/50),2.0,214.8935060022922,2209.288864372058
0.05209676584382856,floor + risk overlay (50/50),inf,214.89350600229255,2209.288864372058
0.059333538603094,report-shaped tiers,1.0,75.8056081681817,2427.352454453234
0.059333538603094,report-shaped tiers,2.0,144.18713138203773,2427.352454453234
0.059333538603094,report-shaped tiers,inf,550.2972658597367,2427.352454453234
0.059333538603094,risk-targeted ($\Gamma{=}1$ optimum),1.0,33.196526224967826,2342.113365911605
0.059333538603094,risk-targeted ($\Gamma{=}1$ optimum),2.0,inf,2342.113365911605
0.059333538603094,risk-targeted ($\Gamma{=}1$ optimum),inf,inf,2342.113365911605
0.059333538603094,equal effective coverage,1.0,93.49497444167503,2727.797978022118
0.059333538603094,equal effective coverage,2.0,93.49497444167505,2727.797978022118
0.059333538603094,equal effective coverage,inf,93.49497444167505,2727.797978022118
0.059333538603094,uniform hidden floor,1.0,83.64626517727164,2610.0076441852952
0.059333538603094,uniform hidden floor,2.0,114.58718496432648,2610.0076441852952
0.059333538603094,uniform hidden floor,inf,174.06944828857522,2610.0076441852952
0.059333538603094,floor + risk overlay (50/50),1.0,63.04289720132878,2513.5737439939408
0.059333538603094,floor + risk overlay (50/50),2.0,188.4998453211362,2513.5737439939408
0.059333538603094,floor + risk overlay (50/50),inf,188.4998453211365,2513.5737439939408
0.06757557299656994,report-shaped tiers,1.0,66.31430596127409,2764.536497166784
0.06757557299656994,report-shaped tiers,2.0,126.30405242766498,2764.536497166784
0.06757557299656994,report-shaped tiers,inf,482.9957506491909,2764.536497166784
0.06757557299656994,risk-targeted ($\Gamma{=}1$ optimum),1.0,24.700016998778725,2667.4568288119704
0.06757557299656994,risk-targeted ($\Gamma{=}1$ optimum),2.0,inf,2667.4568288119704
0.06757557299656994,risk-targeted ($\Gamma{=}1$ optimum),inf,inf,2667.4568288119704
0.06757557299656994,equal effective coverage,1.0,81.9068128887066,3106.716971944048
0.06757557299656994,equal effective coverage,2.0,81.90681288870661,3106.716971944048
0.06757557299656994,equal effective coverage,inf,81.90681288870661,3106.716971944048
0.06757557299656994,uniform hidden floor,1.0,73.24154391633533,2972.5643579271004
0.06757557299656994,uniform hidden floor,2.0,100.41760255309913,2972.5643579271004
0.06757557299656994,uniform hidden floor,inf,152.6547873739353,2972.5643579271004
0.06757557299656994,floor + risk overlay (50/50),1.0,53.99527070654358,2859.352049449396
0.06757557299656994,floor + risk overlay (50/50),2.0,165.32522934431327,2859.352049449396
0.06757557299656994,floor + risk overlay (50/50),inf,165.32522934431327,2859.352049449396
0.07696251013042782,report-shaped tiers,1.0,57.97977744151954,3148.5588465514884
0.07696251013042782,report-shaped tiers,2.0,110.60127365394368,3148.5588465514884
0.07696251013042782,report-shaped tiers,inf,423.9027940686324,3148.5588465514884
0.07696251013042782,risk-targeted ($\Gamma{=}1$ optimum),1.0,20.391509392781167,3037.9938209379397
0.07696251013042782,risk-targeted ($\Gamma{=}1$ optimum),2.0,inf,3037.9938209379397
0.07696251013042782,risk-targeted ($\Gamma{=}1$ optimum),inf,inf,3037.9938209379397
0.07696251013042782,equal effective coverage,1.0,71.73173078961383,3538.271683434373
0.07696251013042782,equal effective coverage,2.0,71.73173078961386,3538.271683434373
0.07696251013042782,equal effective coverage,inf,71.73173078961386,3538.271683434373
0.07696251013042782,uniform hidden floor,1.0,64.1053455174479,3385.483901437661
0.07696251013042782,uniform hidden floor,2.0,87.97593342747298,3385.483901437661
0.07696251013042782,uniform hidden floor,inf,133.8518635008215,3385.483901437661
0.07696251013042782,floor + risk overlay (50/50),1.0,45.97131478910089,3252.15742026068
0.07696251013042782,floor + risk overlay (50/50),2.0,144.97702041560484,3252.15742026068
0.07696251013042782,floor + risk overlay (50/50),inf,144.97702041560495,3252.15742026068
0.08765338868642458,report-shaped tiers,1.0,50.66079919016619,3585.925821691026
0.08765338868642458,report-shaped tiers,2.0,96.812739074844,3585.925821691026
0.08765338868642458,report-shaped tiers,inf,372.0172104838513,3585.925821691026
0.08765338868642458,risk-targeted ($\Gamma{=}1$ optimum),1.0,19.09862327232819,3460.0021849904433
0.08765338868642458,risk-targeted ($\Gamma{=}1$ optimum),2.0,inf,3460.0021849904433
0.08765338868642458,risk-targeted ($\Gamma{=}1$ optimum),inf,inf,3460.0021849904433
0.08765338868642458,equal effective coverage,1.0,62.79733357200488,4029.7737511503756
0.08765338868642458,equal effective coverage,2.0,62.79733357200488,4029.7737511503756
0.08765338868642458,equal effective coverage,inf,62.797333572004895,4029.7737511503756
0.08765338868642458,uniform hidden floor,1.0,56.08287217395552,3855.762186049414
0.08765338868642458,uniform hidden floor,2.0,77.05138097616015,3855.762186049414
0.08765338868642458,uniform hidden floor,inf,117.34210637587606,3855.762186049414
0.08765338868642458,floor + risk overlay (50/50),1.0,38.81949235695417,3698.2237725252676
0.08765338868642458,floor + risk overlay (50/50),2.0,127.11046728042069,3698.2237725252676
0.08765338868642458,floor + risk overlay (50/50),inf,127.11046728042076,3698.2237725252676
0.099829339443229,report-shaped tiers,1.0,44.23334870366645,4084.0475358287645
0.099829339443229,report-shaped tiers,2.0,84.70482139244241,4084.0475358287645
0.099829339443229,report-shaped tiers,inf,326.45992553890835,4084.0475358287645
0.099829339443229,risk-targeted ($\Gamma{=}1$ optimum),1.0,17.603575606718596,3940.63182012746
0.099829339443229,risk-targeted ($\Gamma{=}1$ optimum),2.0,inf,3940.63182012746
0.099829339443229,risk-targeted ($\Gamma{=}1$ optimum),inf,inf,3940.63182012746
0.099829339443229,equal effective coverage,1.0,54.952246179816434,4589.550475021283
0.099829339443229,equal effective coverage,2.0,54.95224617981645,4589.550475021283
0.099829339443229,equal effective coverage,inf,54.95224617981645,4589.550475021283
0.099829339443229,uniform hidden floor,1.0,49.03819304677337,4391.366926617273
0.099829339443229,uniform hidden floor,2.0,67.45885147608817,4391.366926617273
0.099829339443229,uniform hidden floor,inf,102.8457975735084,4391.366926617273
0.099829339443229,floor + risk overlay (50/50),1.0,32.39135520087015,4204.562250985283
0.099829339443229,floor + risk overlay (50/50),2.0,111.42286407280217,4204.562250985283
0.099829339443229,floor + risk overlay (50/50),inf,111.42286407280224,4204.562250985283
0.1136966540942748,report-shaped tiers,1.0,38.58850130763655,4651.363442605576
0.1136966540942748,report-shaped tiers,2.0,74.07236256852143,4651.363442605576
0.1136966540942748,report-shaped tiers,inf,286.4590823854114,4651.363442605576
0.1136966540942748,risk-targeted ($\Gamma{=}1$ optimum),1.0,15.835983312422247,4488.025819510846
0.1136966540942748,risk-targeted ($\Gamma{=}1$ optimum),2.0,inf,4488.025819510846
0.1136966540942748,risk-targeted ($\Gamma{=}1$ optimum),inf,inf,4488.025819510846
0.1136966540942748,equal effective coverage,1.0,48.06354811423605,5227.085901970296
0.1136966540942748,equal effective coverage,2.0,48.06354811423607,5227.085901970296
0.1136966540942748,equal effective coverage,inf,48.06354811423607,5227.085901970296
0.1136966540942748,uniform hidden floor,1.0,42.85194042815722,5001.372634951429
0.1136966540942748,uniform hidden floor,2.0,59.03581782199702,5001.372634951429
0.1136966540942748,uniform hidden floor,inf,90.1173313190311,5001.372634951429
0.1136966540942748,floor + risk overlay (50/50),1.0,26.52548671521947,4779.042832079268
0.1136966540942748,floor + risk overlay (50/50),2.0,97.6484216438802,4779.042832079268
0.1136966540942748,floor + risk overlay (50/50),inf,97.64842164388028,4779.042832079268
0.12949028035575114,report-shaped tiers,1.0,33.630582143520876,5297.485321952121
0.12949028035575114,report-shaped tiers,2.0,64.73519630622793,5297.485321952121
0.12949028035575114,report-shaped tiers,inf,251.33696444807634,5297.485321952121
0.12949028035575114,risk-targeted ($\Gamma{=}1$ optimum),1.0,13.641172135646729,5111.458435095438
0.12949028035575114,risk-targeted ($\Gamma{=}1$ optimum),2.0,inf,5111.458435095438
0.12949028035575114,risk-targeted ($\Gamma{=}1$ optimum),inf,inf,5111.458435095438
0.12949028035575114,equal effective coverage,1.0,42.014521045593455,5953.181509884123
0.12949028035575114,equal effective coverage,2.0,42.01452104559347,5953.181509884123
0.12949028035575114,equal effective coverage,inf,42.01452104559347,5953.181509884123
0.12949028035575114,uniform hidden floor,1.0,37.419286220351964,5696.11436521643
0.12949028035575114,uniform hidden floor,2.0,51.639565483992754,5696.11436521643
0.12949028035575114,uniform hidden floor,inf,78.94105320379913,5696.11436521643
0.12949028035575114,floor + risk overlay (50/50),1.0,21.004279150994105,5430.479429923506
0.12949028035575114,floor + risk overlay (50/50),2.0,85.55376433412857,5430.479429923506
0.12949028035575114,floor + risk overlay (50/50),inf,85.55376433412857,5430.479429923506
0.14747780258078305,report-shaped tiers,1.0,29.275541591898765,6033.360128181637
0.14747780258078305,report-shaped tiers,2.0,56.53509334989388,6033.360128181637
0.14747780258078305,report-shaped tiers,inf,220.49851316420506,6033.360128181637
0.14747780258078305,risk-targeted ($\Gamma{=}1$ optimum),1.0,11.265398933824061,5821.4922071361725
0.14747780258078305,risk-targeted ($\Gamma{=}1$ optimum),2.0,inf,5821.4922071361725
0.14747780258078305,risk-targeted ($\Gamma{=}1$ optimum),inf,inf,5821.4922071361725
0.14747780258078305,equal effective coverage,1.0,36.702670799097824,6780.139212226713
0.14747780258078305,equal effective coverage,2.0,36.70267079909783,6780.139212226713
0.14747780258078305,equal effective coverage,inf,36.70267079909783,6780.139212226713
0.14747780258078305,uniform hidden floor,1.0,32.64816431746073,6487.362816136194
0.14747780258078305,uniform hidden floor,2.0,45.14477399160524,6487.362816136194
0.14747780258078305,uniform hidden floor,inf,69.12760632166726,6487.362816136194
0.14747780258078305,floor + risk overlay (50/50),1.0,16.526396251329718,6168.462944373548
0.14747780258078305,floor + risk overlay (50/50),2.0,74.9339758866675,6168.462944373548
0.14747780258078305,floor + risk overlay (50/50),inf,74.93397588666754,6168.462944373548
0.16796397532156887,report-shaped tiers,1.0,25.449526109618546,6871.45545934576
0.16796397532156887,report-shaped tiers,2.0,49.33307759520785,6871.45545934576
0.16796397532156887,report-shaped tiers,inf,193.4212461574346,6871.45545934576
0.16796397532156887,risk-targeted ($\Gamma{=}1$ optimum),1.0,10.517022595943148,6630.156920588242
0.16796397532156887,risk-targeted ($\Gamma{=}1$ optimum),2.0,inf,6630.156920588242
0.16796397532156887,risk-targeted ($\Gamma{=}1$ optimum),inf,inf,6630.156920588242
0.16796397532156887,equal effective coverage,1.0,32.03799015104547,7721.969783862523
0.16796397532156887,equal effective coverage,2.0,32.037990151045484,7721.969783862523
0.16796397532156887,equal effective coverage,inf,32.037990151045484,7721.969783862523
0.16796397532156887,uniform hidden floor,1.0,28.457708583778803,7388.523756683288
0.16796397532156887,uniform hidden floor,2.0,39.441392910294,7388.523756683288
0.16796397532156887,uniform hidden floor,inf,60.51072291025172,7388.523756683288
0.16796397532156887,floor + risk overlay (50/50),1.0,15.319225781406782,7003.145386258792
0.16796397532156887,floor + risk overlay (50/50),2.0,65.60912750039138,7003.145386258792
0.16796397532156887,floor + risk overlay (50/50),inf,65.60912750039144,7003.145386258792
0.19129588664959338,report-shaped tiers,1.0,22.087619487649384,7825.970790177758
0.19129588664959338,report-shaped tiers,2.0,43.007067162626576,7825.970790177758
0.19129588664959338,report-shaped tiers,inf,169.6464050327847,7825.970790177758
0.19129588664959338,risk-targeted ($\Gamma{=}1$ optimum),1.0,9.506670109698673,7551.153420378685
0.19129588664959338,risk-targeted ($\Gamma{=}1$ optimum),2.0,inf,7551.153420378685
0.19129588664959338,risk-targeted ($\Gamma{=}1$ optimum),inf,inf,7551.153420378685
0.19129588664959338,equal effective coverage,1.0,27.94143293026157,8794.630239355021
0.19129588664959338,equal effective coverage,2.0,27.941432930261573,8794.630239355021
0.19129588664959338,equal effective coverage,inf,27.94143293026158,8794.630239355021
0.19129588664959338,uniform hidden floor,1.0,24.776879678853597,8414.865154032912
0.19129588664959338,uniform hidden floor,2.0,34.432776240196915,8414.865154032912
0.19129588664959338,uniform hidden floor,inf,52.94440712450909,8414.865154032912
0.19129588664959338,floor + risk overlay (50/50),1.0,14.03619796784344,7947.183684472736
0.19129588664959338,floor + risk overlay (50/50),2.0,57.42122918713971,7947.183684472736
0.19129588664959338,floor + risk overlay (50/50),inf,57.42122918713974,7947.183684472736
0.2178688387137436,report-shaped tiers,1.0,19.13273195140377,8913.0780474486
0.2178688387137436,report-shaped tiers,2.0,37.44979990223115,8913.0780474486
0.2178688387137436,report-shaped tiers,inf,148.77118281259456,8913.0780474486
0.2178688387137436,risk-targeted ($\Gamma{=}1$ optimum),1.0,8.092005499471712,8600.085738700403
0.2178688387137436,risk-targeted ($\Gamma{=}1$ optimum),2.0,inf,8600.085738700403
0.2178688387137436,risk-targeted ($\Gamma{=}1$ optimum),inf,inf,8600.085738700403
0.2178688387137436,equal effective coverage,1.0,24.343573467061535,10016.294185534827
0.2178688387137436,equal effective coverage,2.0,24.343573467061546,10016.294185534827
0.2178688387137436,equal effective coverage,inf,24.343573467061546,10016.294185534827
0.2178688387137436,uniform hidden floor,1.0,21.543257026083353,9583.775851909018
0.2178688387137436,uniform hidden floor,2.0,30.034043506674724,9583.775851909018
0.2178688387137436,uniform hidden floor,inf,46.30046119136354,9583.775851909018
0.2178688387137436,floor + risk overlay (50/50),1.0,12.656353362216821,9013.810469323143
0.2178688387137436,floor + risk overlay (50/50),2.0,50.231552764459856,9013.810469323143
0.2178688387137436,floor + risk overlay (50/50),inf,50.231552764459884,9013.810469323143
0.2481330451679951,report-shaped tiers,1.0,16.534616207774505,10151.19560369656
0.2481330451679951,report-shaped tiers,2.0,32.56700731243641,10151.19560369656
0.2481330451679951,report-shaped tiers,inf,130.44189932434332,10151.19560369656
0.2481330451679951,risk-targeted ($\Gamma{=}1$ optimum),1.0,7.531607905000049,9794.7254671577
0.2481330451679951,risk-targeted ($\Gamma{=}1$ optimum),2.0,inf,9794.7254671577
0.2481330451679951,risk-targeted ($\Gamma{=}1$ optimum),inf,inf,9794.7254671577
0.2481330451679951,equal effective coverage,1.0,21.183428522904503,11407.659728800207
0.2481330451679951,equal effective coverage,2.0,21.18342852290451,11407.659728800207
0.2481330451679951,equal effective coverage,inf,21.18342852290451,11407.659728800207
0.2481330451679951,uniform hidden floor,1.0,18.70197476849323,10915.060181994118
0.2481330451679951,uniform hidden floor,2.0,26.17063959372083,10915.060181994118
0.2481330451679951,uniform hidden floor,inf,40.46631300396357,10915.060181994118
0.2481330451679951,floor + risk overlay (50/50),1.0,11.125425364366352,10217.514760141365
0.2481330451679951,floor + risk overlay (50/50),2.0,43.9182811055914,10217.514760141365
0.2481330451679951,floor + risk overlay (50/50),inf,43.9182811055914,10217.514760141365
0.28260125894019505,report-shaped tiers,1.0,14.248990203204013,11561.300331483784
0.28260125894019505,report-shaped tiers,2.0,28.275804562422824,11561.300331483784
0.28260125894019505,report-shaped tiers,inf,114.34800891142915,11561.300331483784
0.28260125894019505,risk-targeted ($\Gamma{=}1$ optimum),1.0,6.619077594653981,11155.312852902432
0.28260125894019505,risk-targeted ($\Gamma{=}1$ optimum),2.0,inf,11155.312852902432
0.28260125894019505,risk-targeted ($\Gamma{=}1$ optimum),inf,inf,11155.312852902432
0.28260125894019505,equal effective coverage,1.0,18.407421510328188,12992.30015388583
0.28260125894019505,equal effective coverage,2.0,18.407421510328195,12992.30015388583
0.28260125894019505,equal effective coverage,inf,18.407421510328195,12992.30015388583
0.28260125894019505,uniform hidden floor,1.0,16.204782569774995,12431.273499872372
0.28260125894019505,uniform hidden floor,2.0,22.777068645643684,12431.273499872372
0.28260125894019505,uniform hidden floor,inf,35.343108309961515,12431.273499872372
0.28260125894019505,floor + risk overlay (50/50),1.0,9.267091950583804,11574.043640530212
0.28260125894019505,floor + risk overlay (50/50),2.0,38.37444378683397,11574.043640530212
0.28260125894019505,floor + risk overlay (50/50),inf,38.37444378683397,11574.043640530212
0.3218574595758205,report-shaped tiers,1.0,12.23674532886168,13167.283005175603
0.3218574595758205,report-shaped tiers,2.0,24.503267118985764,13167.283005175603
0.3218574595758205,report-shaped tiers,inf,100.21683893880301,13167.283005175603
0.3218574595758205,risk-targeted ($\Gamma{=}1$ optimum),1.0,6.095674735295328,12704.899720098174
0.3218574595758205,risk-targeted ($\Gamma{=}1$ optimum),2.0,inf,12704.899720098174
0.3218574595758205,risk-targeted ($\Gamma{=}1$ optimum),inf,inf,12704.899720098174
0.3218574595758205,equal effective coverage,1.0,15.96847110259154,14797.063315493484
0.3218574595758205,equal effective coverage,2.0,15.968471102591542,14797.063315493484
0.3218574595758205,equal effective coverage,inf,15.968471102591542,14797.063315493484
0.3218574595758205,uniform hidden floor,1.0,14.009213488312914,14158.104330341519
0.3218574595758205,uniform hidden floor,2.0,19.795780162381526,14158.104330341519
0.3218574595758205,uniform hidden floor,inf,30.84403511461128,14158.104330341519
0.3218574595758205,floor + risk overlay (50/50),1.0,8.464318414064431,13096.203450126774
0.3218574595758205,floor + risk overlay (50/50),2.0,33.50610411164632,13096.203450126774
0.3218574595758205,floor + risk overlay (50/50),inf,33.50610411164632,13096.203450126774
0.36656674734249306,report-shaped tiers,1.0,10.463214536903799,14996.353071656169
0.36656674734249306,report-shaped tiers,2.0,21.18516614413071,14996.353071656169
0.36656674734249306,report-shaped tiers,inf,87.80896994571201,14996.353071656169
0.36656674734249306,risk-targeted ($\Gamma{=}1$ optimum),1.0,5.424142060017895,14469.740026677353
0.36656674734249306,risk-targeted ($\Gamma{=}1$ optimum),2.0,inf,14469.740026677353
0.36656674734249306,risk-targeted ($\Gamma{=}1$ optimum),inf,inf,14469.740026677353
0.36656674734249306,equal effective coverage,1.0,13.82518824372139,16852.526509498548
0.36656674734249306,equal effective coverage,2.0,13.825188243721394,16852.526509498548
0.36656674734249306,equal effective coverage,inf,13.825188243721396,16852.526509498548
0.36656674734249306,uniform hidden floor,1.0,12.077841602550658,16124.809596610781
0.36656674734249306,uniform hidden floor,2.0,17.176187745929564,16124.809596610781
0.36656674734249306,uniform hidden floor,inf,26.892851829458625,16124.809596610781
0.36656674734249306,floor + risk overlay (50/50),1.0,7.694886754299242,14803.912127519046
0.36656674734249306,floor + risk overlay (50/50),2.0,29.230766730602856,14803.912127519046
0.36656674734249306,floor + risk overlay (50/50),inf,29.23076673060286,14803.912127519046
0.41748661172664553,report-shaped tiers,1.0,8.897463454057302,17079.499647829758
0.41748661172664553,report-shaped tiers,2.0,18.264834775324893,17079.499647829758
0.41748661172664553,report-shaped tiers,inf,76.91417916735155,17079.499647829758
0.41748661172664553,risk-targeted ($\Gamma{=}1$ optimum),1.0,4.9238458614734855,16479.734673420215
0.41748661172664553,risk-targeted ($\Gamma{=}1$ optimum),2.0,inf,16479.734673420215
0.41748661172664553,risk-targeted ($\Gamma{=}1$ optimum),inf,inf,16479.734673420215
0.41748661172664553,equal effective coverage,1.0,11.94116707861216,19193.51453041204
0.41748661172664553,equal effective coverage,2.0,11.941167078612168,19193.51453041204
0.41748661172664553,equal effective coverage,inf,11.941167078612168,19193.51453041204
0.41748661172664553,uniform hidden floor,1.0,10.37761096651459,18364.71030727877
0.41748661172664553,uniform hidden floor,2.0,14.873802782676393,18364.71030727877
0.41748661172664553,uniform hidden floor,inf,23.422594112900637,18364.71030727877
0.41748661172664553,floor + risk overlay (50/50),1.0,6.723986455757405,16715.714142657627
0.41748661172664553,floor + risk overlay (50/50),2.0,25.475978785324354,16715.714142657627
0.41748661172664553,floor + risk overlay (50/50),inf,25.475978785324358,16715.714142657627
0.47547976523944335,report-shaped tiers,1.0,7.511538568476952,19452.01655538248
0.47547976523944335,report-shaped tiers,2.0,15.692134324595013,19452.01655538248
0.47547976523944335,report-shaped tiers,inf,67.34787868994586,19452.01655538248
0.47547976523944335,risk-targeted ($\Gamma{=}1$ optimum),1.0,4.4568016916942454,18768.93810155697
0.47547976523944335,risk-targeted ($\Gamma{=}1$ optimum),2.0,inf,18768.93810155697
0.47547976523944335,risk-targeted ($\Gamma{=}1$ optimum),inf,inf,18768.93810155697
0.47547976523944335,equal effective coverage,1.0,10.28435634864347,21859.689692314274
0.47547976523944335,equal effective coverage,2.0,10.28435634864347,21859.689692314274
0.47547976523944335,equal effective coverage,inf,10.28435634864347,21859.689692314274
0.47547976523944335,uniform hidden floor,1.0,8.879213337014853,20915.756099294296
0.47547976523944335,uniform hidden floor,2.0,12.849466550574201,20915.756099294296
0.47547976523944335,uniform hidden floor,inf,20.374438320747643,20915.756099294296
0.47547976523944335,floor + risk overlay (50/50),1.0,6.089101368397441,18841.0824459523
0.47547976523944335,floor + risk overlay (50/50),2.0,22.178100740338074,18841.0824459523
0.47547976523944335,floor + risk overlay (50/50),inf,22.178100740338078,18841.0824459523
0.5415287599693986,report-shaped tiers,1.0,6.279527274667171,22154.100288233785
0.5415287599693986,report-shaped tiers,2.0,13.422480281309223,22154.100288233785
0.5415287599693986,report-shaped tiers,inf,58.94798788109568,22154.100288233785
0.5415287599693986,risk-targeted ($\Gamma{=}1$ optimum),1.0,4.042611829447753,21376.135261949938
0.5415287599693986,risk-targeted ($\Gamma{=}1$ optimum),2.0,50.37835612824735,21376.135261949938
0.5415287599693986,risk-targeted ($\Gamma{=}1$ optimum),inf,inf,21376.135261949938
0.5415287599693986,equal effective coverage,1.0,8.827100004965029,24893.055328383085
0.5415287599693986,equal effective coverage,2.0,8.827701944444511,24893.055328383085
0.5415287599693986,equal effective coverage,inf,8.834931626865806,24893.055328383085
0.5415287599693986,uniform hidden floor,1.0,7.556481197104643,23821.16820169919
0.5415287599693986,uniform hidden floor,2.0,11.068664534873209,23821.16820169919
0.5415287599693986,uniform hidden floor,inf,17.69670205166585,23821.16820169919
0.5415287599693986,floor + risk overlay (50/50),1.0,5.49710618592331,21200.498896612255
0.5415287599693986,floor + risk overlay (50/50),2.0,19.28122587572942,21200.498896612255
0.5415287599693986,floor + risk overlay (50/50),inf,19.28122587572943,21200.498896612255
0.6167526345234,report-shaped tiers,1.0,5.176033789373415,25231.531043773048
0.6167526345234,report-shaped tiers,2.0,11.415865087018457,25231.531043773048
0.6167526345234,report-shaped tiers,inf,51.572187090734936,25231.531043773048
0.6167526345234,risk-targeted ($\Gamma{=}1$ optimum),1.0,3.7308797480544094,24345.49873118683
0.6167526345234,risk-targeted ($\Gamma{=}1$ optimum),2.0,16.34341504473329,24345.49873118683
0.6167526345234,risk-targeted ($\Gamma{=}1$ optimum),inf,inf,24345.49873118683
0.6167526345234,equal effective coverage,1.0,7.622258037113559,27802.493914897346
0.6167526345234,equal effective coverage,2.0,7.703595542291145,27802.493914897346
0.6167526345234,equal effective coverage,inf,8.834931626865806,27802.493914897346
0.6167526345234,uniform hidden floor,1.0,6.385734525461414,27130.17171360066
0.6167526345234,uniform hidden floor,2.0,9.500905459408886,27130.17171360066
0.6167526345234,uniform hidden floor,inf,15.343964457123105,27130.17171360066
0.6167526345234,floor + risk overlay (50/50),1.0,4.956431606839767,23801.814173254836
0.6167526345234,floor + risk overlay (50/50),2.0,16.736229828432187,23801.814173254836
0.6167526345234,floor + risk overlay (50/50),inf,16.736229828432187,23801.814173254836
0.702425873397841,report-shaped tiers,1.0,4.172663819270743,28736.448356289253
0.702425873397841,report-shaped tiers,2.0,9.635756591489239,28736.448356289253
0.702425873397841,report-shaped tiers,inf,45.09550607178036,28736.448356289253
0.702425873397841,risk-targeted ($\Gamma{=}1$ optimum),1.0,3.4646663896218572,28668.683748858624
0.702425873397841,risk-targeted ($\Gamma{=}1$ optimum),2.0,9.767887289944527,28668.683748858624
0.702425873397841,risk-targeted ($\Gamma{=}1$ optimum),inf,inf,28668.683748858624
0.702425873397841,equal effective coverage,1.0,6.546038507093812,31067.84642437244
0.702425873397841,equal effective coverage,2.0,6.687361799766996,31067.84642437244
0.702425873397841,equal effective coverage,inf,8.834931626865806,31067.84642437244
0.702425873397841,uniform hidden floor,1.0,5.344941596966909,30898.82960303157
0.702425873397841,uniform hidden floor,2.0,8.119143112224917,30898.82960303157
0.702425873397841,uniform hidden floor,inf,13.276290788966872,30898.82960303157
0.702425873397841,floor + risk overlay (50/50),1.0,4.478132098768548,26654.458534353005
0.702425873397841,floor + risk overlay (50/50),2.0,14.499933606528671,26654.458534353005
0.702425873397841,floor + risk overlay (50/50),inf,14.499933606528675,26654.458534353005
0.8,report-shaped tiers,1.0,3.332875468055003,32933.46431405147
0.8,report-shaped tiers,2.0,7.987057434502486,32933.46431405147
0.8,report-shaped tiers,inf,33.20389658028529,32933.46431405147
0.8,risk-targeted ($\Gamma{=}1$ optimum),1.0,3.263421660798541,32933.46431405146
0.8,risk-targeted ($\Gamma{=}1$ optimum),2.0,7.247751987772721,32933.46431405146
0.8,risk-targeted ($\Gamma{=}1$ optimum),inf,inf,32933.46431405146
0.8,equal effective coverage,1.0,5.717092604568931,33699.51565426395
0.8,equal effective coverage,2.0,6.060481071172651,33699.51565426395
0.8,equal effective coverage,inf,8.834931626865806,33699.51565426395
0.8,uniform hidden floor,1.0,4.412299629888733,35190.99255676881
0.8,uniform hidden floor,2.0,6.8992074226562075,35190.99255676881
0.8,uniform hidden floor,inf,11.45854704379683,35190.99255676881
0.8,floor + risk overlay (50/50),1.0,4.094280319676346,29766.924921222817
0.8,floor + risk overlay (50/50),2.0,12.534365147617786,29766.924921222817
0.8,floor + risk overlay (50/50),inf,12.534365147617788,29766.924921222817
