pibar,G,recall,kappa_lp,kappa_hazard,U_lp,U_hazard,rel_gain,max_abs_dpi,thm4_assumption
0.05,1.0,measured/report,0.07336502423511626,0.07336502423583423,40.833248605676594,40.83324860527699,9.786171872860905e-12,3.835154416265141e-12,True
0.05,1.0,high recall,0.053086336620670097,0.09813857495507451,56.43132422114714,30.525532645296362,0.8486597720299753,0.666666666666522,True
0.05,1.0,low recall,0.026484266104824912,0.026484266104830713,113.11366007639636,113.11366007637157,2.1893598045608087e-13,1.404432126150823e-13,True
0.05,1.25,measured/report,0.02898815184229744,0.028988151842297596,103.3433345406599,103.34333454065934,5.329070518200751e-15,2.8171909249863347e-15,True
0.05,1.25,high recall,0.041761879326827296,0.041761879326827296,71.73365571289247,71.73365571289247,0.0,0.0,True
0.05,1.25,low recall,0.014296379752052236,0.014296379752052236,209.5448166256185,209.5448166256185,0.0,0.0,True
0.05,1.5,measured/report,0.02559822804136192,0.02559822804136192,117.02889234026085,117.02889234026085,0.0,0.0,True
0.05,1.5,high recall,0.03970974206045836,0.03970974206045837,75.44073867296764,75.44073867296763,2.220446049250313e-16,6.938893903907228e-18,True
0.05,1.5,low recall,0.012685160168476135,0.012685160168476135,236.16038219199461,236.16038219199461,0.0,0.0,True
0.05,2.0,measured/report,0.023130135080700328,0.023130135080700328,129.5164192989783,129.5164192989783,0.0,0.0,True
0.05,2.0,high recall,0.036655146517346186,0.036655146517346186,81.72746689571493,81.72746689571493,0.0,0.0,True
0.05,2.0,low recall,0.011475903882334432,0.011475903882334437,261.04543086714995,261.04543086714983,4.440892098500626e-16,4.163336342344337e-17,True
0.05,5.0,measured/report,0.011565067540350167,0.011565067540350167,259.0328385979565,259.0328385979565,0.0,0.0,True
0.05,5.0,high recall,0.034761089734595754,0.034761089734595754,86.1806202402368,86.1806202402368,0.0,0.0,True
0.05,5.0,low recall,0.005737951941167225,0.005737951941167225,522.0908617342991,522.0908617342991,0.0,0.0,True
0.1,1.0,measured/report,0.16633999726212292,0.1663399972621686,18.009692935327138,18.009692935322192,2.7466917629226373e-13,4.598543767997398e-13,True
0.1,1.0,high recall,0.11494693509497284,0.34416076289803155,26.06187168956546,8.704456162661316,1.994083858031316,0.7333333333333321,True
0.1,1.0,low recall,0.05281613809791154,0.052816138097913176,56.720017431044404,56.72001743104264,3.108624468950438e-14,4.873879078104437e-14,True
0.1,1.25,measured/report,0.059649825657141865,0.059649825657142094,50.22197869903266,50.22197869903247,3.774758283725532e-15,1.8596235662471372e-15,True
0.1,1.25,high recall,0.0859337977010618,0.08635311702514707,34.860931946418276,34.69165186801071,0.004879562352684053,0.15874525750539195,True
0.1,1.25,low recall,0.028988151842297492,0.028988151842297492,103.34333454065971,103.34333454065971,0.0,0.0,True
0.1,1.5,measured/report,0.05214191100720521,0.05214191100720521,57.453442263365204,57.453442263365204,0.0,0.0,True
0.1,1.5,high recall,0.08146041385345264,0.08146041385345264,36.77531369952669,36.77531369952669,0.0,0.0,True
0.1,1.5,low recall,0.025598228041361897,0.025598228041361897,117.02889234026097,117.02889234026097,0.0,0.0,True
0.1,2.0,measured/report,0.04699636932063579,0.046996369320635806,63.74390866484626,63.743908664846245,2.220446049250313e-16,5.551115123125783e-17,True
0.1,2.0,high recall,0.07519422817241765,0.07519422817241775,39.83992317448734,39.83992317448729,1.3322676295501878e-15,1.2351231148954867e-15,True
0.1,2.0,low recall,0.023130135080700335,0.023130135080700335,129.51641929897826,129.51641929897826,0.0,0.0,True
0.1,5.0,measured/report,0.023498184660317906,0.023498184660317906,127.48781732969246,127.48781732969246,0.0,0.0,True
0.1,5.0,high recall,0.07077416376752171,0.07077416376752171,42.32804902357226,42.32804902357226,0.0,0.0,True
0.1,5.0,low recall,0.011565067540350154,0.011565067540350154,259.0328385979568,259.0328385979568,0.0,0.0,True
0.2,1.0,measured/report,0.3314383802759913,0.33143838027601824,9.038579874362835,9.0385798743621,8.126832540256146e-14,3.0608848788915566e-13,False
0.2,1.0,high recall,0.28154111002371823,0.8772598082549949,10.640479016729094,3.414874641883987,2.1159208265574105,0.5333333333333337,True
0.2,1.0,low recall,0.1031230100711894,0.10312301007119493,29.05008563545549,29.050085635453932,5.3512749786932545e-14,2.2493118478905672e-13,False
0.2,1.25,measured/report,0.12685445969173864,0.1276712349278596,23.615506154326294,23.46442622918721,0.006438679713001383,0.4317280899566137,False
0.2,1.25,high recall,0.1827467444565023,0.18899541006391715,16.39280788537954,15.850820252940807,0.03419303378562888,0.31749051501072323,True
0.2,1.25,low recall,0.05964982565714188,0.05964982565714188,50.221978699032654,50.221978699032654,0.0,0.0,False
0.2,1.5,measured/report,0.1083644287319305,0.1083644287319305,27.644978233261085,27.644978233261085,0.0,0.0,False
0.2,1.5,high recall,0.1720074345482823,0.1720074345482823,17.416295298056387,17.416295298056387,0.0,0.0,True
0.2,1.5,low recall,0.0521419110072052,0.0521419110072052,57.45344226336521,57.45344226336521,0.0,0.0,False
0.2,2.0,measured/report,0.09713565474179996,0.09713565474179996,30.840707065979664,30.840707065979664,0.0,0.0,False
0.2,2.0,high recall,0.15877609342918364,0.15877609342918414,18.86765323956109,18.86765323956103,3.1086244689504383e-15,1.609823385706477e-15,True
0.2,2.0,low recall,0.046996369320635806,0.046996369320635806,63.743908664846245,63.743908664846245,0.0,0.0,False
0.2,5.0,measured/report,0.048567827370900006,0.048567827370900006,61.68141413195929,61.68141413195929,0.0,0.0,False
0.2,5.0,high recall,0.14694142371205007,0.14694142371205007,20.387254988249598,20.387254988249598,0.0,0.0,True
0.2,5.0,low recall,0.023498184660317903,0.023498184660317903,127.48781732969249,127.48781732969249,0.0,0.0,False
0.435,1.0,measured/report,0.61729349599233,0.6172934959923433,4.853011238581418,4.853011238581313,2.1538326677728037e-14,1.0347278589506459e-13,False
0.435,1.0,high recall,1.9036574561397206,1.9036574561397233,1.573671914499158,1.5736719144991558,1.3322676295501878e-15,3.885780586188048e-15,True
0.435,1.0,low recall,0.20469594561911225,0.20469594561911458,14.635034731602824,14.635034731602659,1.1324274851176597e-14,8.060219158778636e-14,False
0.435,1.25,measured/report,0.3293242255082034,0.3457228516462908,9.096604627039099,8.665126587058602,0.0497947762961608,0.9390085956556347,False
0.435,1.25,high recall,0.474382175787708,0.5593908320971789,6.315018620966524,5.355347463101727,0.17919867281757496,0.6905418701484549,True
0.435,1.25,low recall,0.13954184637951325,0.14065266663873066,21.46834337712911,21.298794719964977,0.007960481303911582,0.9390085956555473,False
0.435,1.5,measured/report,0.2608892771523074,0.26478453600838764,11.482772715894642,11.313849058991476,0.014930697415387328,0.8253505001490073,False
0.435,1.5,high recall,0.43558378908549056,0.4478612472491475,6.877510937318259,6.6889740783655025,0.028186214618853178,0.7062548110102693,True
0.435,1.5,low recall,0.11867197415975367,0.11867197415975368,25.24380583339079,25.243805833390788,2.220446049250313e-16,1.1102230246251565e-16,False
0.435,2.0,measured/report,0.23011239620418691,0.23011239620418691,13.018561029175373,13.018561029175373,0.0,0.0,False
0.435,2.0,high recall,0.402077343771222,0.4020773437712223,7.450636848761448,7.450636848761443,6.661338147750939e-16,3.3306690738754696e-16,True
0.435,2.0,low recall,0.10626531244035997,0.10626531244035997,28.19106446645331,28.19106446645331,0.0,0.0,False
0.435,5.0,measured/report,0.11505619810209347,0.11505619810209347,26.037122058350743,26.037122058350743,0.0,0.0,False
0.435,5.0,high recall,0.3527193622738026,0.3527193622738026,8.493245888861974,8.493245888861974,0.0,0.0,True
0.435,5.0,low recall,0.053132656220179986,0.053132656220179986,56.38212893290662,56.38212893290662,0.0,0.0,False
0.6,1.0,measured/report,0.745425686619753,0.7454256866197536,4.0188208259076745,4.018820825907671,8.881784197001252e-16,1.4876988529977098e-14,False
0.6,1.0,high recall,2.2551791797343106,2.2551791797343106,1.3283788270459853,1.3283788270459853,0.0,0.0,False
0.6,1.0,low recall,0.2565003179728861,0.2565003179728862,11.67925364470956,11.679253644709554,4.440892098500626e-16,3.552713678800501e-15,False
0.6,1.25,measured/report,0.48832332416426355,0.5314698136626755,6.134731079415486,5.63669317906997,0.08835639700858988,1.0,False
0.6,1.25,high recall,0.7758944915526091,1.6676814529209054,3.8610046935110462,1.7963456200265555,1.1493662747673072,0.9524715450323517,False
0.6,1.25,low recall,0.19525819455973054,0.19987721566612257,15.342415104824603,14.987862741484753,0.023655965460538164,0.9191714867327456,False
0.6,1.5,measured/report,0.3890701773145789,0.39995419492523687,7.699722179250508,7.490188405484735,0.027974433007898813,1.0,False
0.6,1.5,high recall,0.6902376780408236,0.764777225073924,4.34014596545512,3.917130603966954,0.10799113030843821,0.9741445669106945,False
0.6,1.5,low recall,0.16834479591227133,0.16834479591227133,17.79521759089685,17.79521759089685,0.0,0.0,False
0.6,2.0,measured/report,0.33659335335590473,0.33659335335590485,8.900152791746853,8.900152791746851,2.220446049250313e-16,2.220446049250313e-16,False
0.6,2.0,high recall,0.6371424720376828,0.6371424720376833,4.701824795909717,4.701824795909714,6.661338147750939e-16,1.5543122344752192e-15,False
0.6,2.0,low recall,0.1493524531986481,0.1493524531986481,20.058139048907886,20.058139048907886,0.0,0.0,False
0.6,5.0,measured/report,0.1347734088366727,0.1347734088366727,22.227917950672428,22.227917950672428,0.0,0.0,False
0.6,5.0,high recall,0.45014794311526624,0.45014794311526624,6.654994917497367,6.654994917497367,0.0,0.0,False
0.6,5.0,low recall,0.061277088400858944,0.061277088400858944,48.888293352919796,48.888293352919796,0.0,0.0,False
0.8,1.0,measured/report,0.8502339187524599,0.8502339187524722,3.523421269701402,3.523421269701351,1.4432899320127035e-14,3.816946758661288e-13,False
0.8,1.0,high recall,2.508714211034561,2.5087142110345715,1.1941305471852013,1.1941305471851964,4.218847493575595e-15,1.2101430968414206e-13,False
0.8,1.0,low recall,0.3015184512421996,0.3015184512421996,9.935485742952494,9.935485742952494,0.0,0.0,False
0.8,1.25,measured/report,0.648074589361358,0.6518191512897449,4.62251154841007,4.595956205991156,0.005777979865059901,0.17592653971175926,False
0.8,1.25,high recall,1.2583677369714268,1.9846002420461768,2.3806493011049072,1.5094890195444648,0.5771226357269841,0.9999999999999998,False
0.8,1.25,low recall,0.2518854170441646,0.25195522223846606,11.893234267820795,11.889939200064065,0.00027713074905477697,0.0143472423658636,False
0.8,1.5,measured/report,0.5336560518383515,0.5416970074852566,5.613601238539727,5.530272887164742,0.015067674430385258,0.5979837383507249,False
0.8,1.5,high recall,1.157701820144295,1.4604862730577974,2.5876544559467005,2.051188243818186,0.26153923889984343,0.9999999999999923,False
0.8,1.5,low recall,0.21960184471072455,0.2196018447107246,13.641653500225312,13.641653500225308,2.220446049250313e-16,3.6637359812630166e-15,False
0.8,2.0,measured/report,0.4018823878761301,0.4018823878761301,7.454251203656499,7.454251203656499,0.0,0.0,False
0.8,2.0,high recall,0.8767178794569356,0.9583853304507028,3.4169854907141097,3.1258119029693185,0.0931513465247844,0.9468655288463113,False
0.8,2.0,low recall,0.17278275602849322,0.17278275602849322,17.33814381951386,17.33814381951386,0.0,0.0,False
0.8,5.0,measured/report,0.13534646123139835,0.13534646123139835,22.13380568873733,22.13380568873733,0.0,0.0,False
0.8,5.0,high recall,0.5662618157828403,0.5662618157828405,5.290366028676115,5.290366028676114,4.440892098500626e-16,1.5543122344752192e-15,False
0.8,5.0,low recall,0.06156353748748466,0.06156353748748466,48.66082093094468,48.66082093094468,0.0,0.0,False
